id,date,total_steps,total_distance,tracker_distance,logged_activities_distance,very_active_distance,moderately_active_distance,light_active_distance,sedentary_active_distance,very_active_minutes,fairly_active_minutes,lightly_active_minutes,sedentary_minutes,calories,weekday,total_sleep_records,total_minutes_asleep,total_time_in_bed
1503960366,2016-03-28,13231,8.93000030517578,8.93000030517578,0,3.19000005722046,0.790000021457672,4.94999980926514,0,39,20,224,1080,1932,Montag,NA,NA,NA
1503960366,2016-04-04,14557,9.80000019073486,9.80000019073486,0,3.39000010490417,0.699999988079071,5.69000005722046,0,43,18,285,757,2030,Montag,NA,NA,NA
1503960366,2016-04-11,10990,7.26000022888184,7.26000022888184,0,2.03999996185303,0.569999992847443,4.65000009536743,0,26,14,216,855,1811,Montag,NA,NA,NA
1624580081,2016-03-28,1905,1.24000000953674,1.24000000953674,0,0,0,1.24000000953674,0,0,0,95,1345,1342,Montag,NA,NA,NA
1624580081,2016-04-04,18464,12,12,0,0,0,12,0,0,0,270,1170,1574,Montag,NA,NA,NA
1624580081,2016-04-11,10000,6.5,6.5,0,0,0,6.5,0,0,0,172,1268,1469,Montag,NA,NA,NA
1644430081,2016-04-04,2819,2.04999995231628,2.04999995231628,0,0.310000002384186,0.170000001788139,1.55999994277954,0.00999999977648258,4,4,87,1345,2444,Montag,NA,NA,NA
1844505072,2016-04-04,0,0,0,0,0,0,0,0,0,0,0,669,1347,Montag,NA,NA,NA
1844505072,2016-04-11,5430,3.58999991416931,3.58999991416931,0,0,0,3.58999991416931,0,0,0,251,1189,1888,Montag,NA,NA,NA
1927972279,2016-04-04,2352,1.62999999523163,1.62999999523163,0,0,0,1.62999999523163,0,0,0,128,829,2380,Montag,NA,NA,NA
1927972279,2016-04-11,1209,0.839999973773956,0.839999973773956,0,0,0,0.839999973773956,0,0,0,73,842,2255,Montag,NA,NA,NA
2022484408,2016-04-04,15313,11,11,0,5.01999998092651,1.28999996185303,4.69000005722046,0,62,19,233,1126,2581,Montag,NA,NA,NA
2022484408,2016-04-11,10106,7.09000015258789,7.09000015258789,0,1.21000003814697,0.560000002384186,5.32999992370605,0,41,16,272,1111,2568,Montag,NA,NA,NA
2026352035,2016-04-04,6679,4.1399998664856,4.1399998664856,0,0,0,4.1399998664856,0,0,0,263,644,1583,Montag,NA,NA,NA
2026352035,2016-04-11,3279,2.02999997138977,2.02999997138977,0,0,0,2.02999997138977,0,0,0,164,694,1405,Montag,NA,NA,NA
2320127002,2016-04-04,0,0,0,0,0,0,0,0,0,0,0,1440,1324,Montag,NA,NA,NA
2320127002,2016-04-11,11230,7.67000007629395,7.67000007629395,0,0.889999985694885,0.119999997317791,6.65999984741211,0,10,2,390,1038,2206,Montag,NA,NA,NA
2347167796,2016-04-04,10254,6.80000019073486,6.80000019073486,0,1.41999995708466,1.23000001907349,4.15999984741211,0,21,25,231,638,2099,Montag,NA,NA,NA
2347167796,2016-04-11,10001,6.6100001335144,6.6100001335144,0,0.330000013113022,2.9300000667572,3.35999989509583,0,5,52,196,788,2009,Montag,NA,NA,NA
2873212765,2016-04-04,9713,6.53000020980835,6.53000020980835,0,0.340000003576279,0.889999985694885,5.28999996185303,0,6,24,355,1055,2046,Montag,NA,NA,NA
2873212765,2016-04-11,7497,5.03999996185303,5.03999996185303,0,0,0,5.03999996185303,0,0,0,357,882,1741,Montag,NA,NA,NA
2891001357,2016-04-04,0,0,0,0,0,0,0,0,0,0,0,1440,1920,Montag,NA,NA,NA
3372868164,2016-04-04,5861,4.01999998092651,4.01999998092651,0,1.29999995231628,0.219999998807907,2.49000000953674,0.00999999977648258,20,7,233,1180,1878,Montag,NA,NA,NA
3977333714,2016-04-04,11943,7.98999977111816,7.98999977111816,0,1.02999997138977,2.00999999046326,4.94999980926514,0,16,43,297,710,1648,Montag,NA,NA,NA
3977333714,2016-04-11,3108,2.14000010490417,2.14000010490417,0,0.0700000002980232,0.0399999991059303,1.96000003814697,0,1,1,129,894,1223,Montag,NA,NA,NA
4020332650,2016-03-14,3023,2.17000007629395,2.17000007629395,0,0,0,2.14000010490417,0,0,0,145,1005,2570,Montag,NA,NA,NA
4020332650,2016-03-21,8778,6.28999996185303,6.28999996185303,0,0,0,0,0,0,0,0,1440,3348,Montag,NA,NA,NA
4020332650,2016-03-28,2106,1.50999999046326,1.50999999046326,0,0.0199999995529652,0.0500000007450581,0.209999993443489,0,31,45,75,1289,4010,Montag,NA,NA,NA
4020332650,2016-04-04,6429,4.59999990463257,4.59999990463257,0,0,0.949999988079071,3.65000009536743,0,0,28,193,741,3118,Montag,NA,NA,NA
4020332650,2016-04-11,2993,2.15000009536743,2.15000009536743,0,0,0,2.08999991416931,0,0,0,114,888,2507,Montag,NA,NA,NA
4057192912,2016-03-14,8433,6.23000001907349,6.23000001907349,0,2.45000004768372,0.330000013113022,3.44000005722046,0,30,7,135,1268,2453,Montag,NA,NA,NA
4057192912,2016-03-21,2660,1.94000005722046,1.94000005722046,0,0,0,1.94000005722046,0,0,0,46,1394,1978,Montag,NA,NA,NA
4057192912,2016-03-28,8,0.00999999977648258,0.00999999977648258,0,0,0,0.00999999977648258,0,0,0,1,1439,1778,Montag,NA,NA,NA
4057192912,2016-04-04,0,0,0,0,0,0,0,0,0,0,0,1440,1776,Montag,NA,NA,NA
4057192912,2016-04-11,6801,4.98000001907349,4.98000001907349,0,0,0,4.96999979019165,0,0,0,193,1247,2393,Montag,NA,NA,NA
4319703577,2016-04-04,10067,6.76000022888184,6.76000022888184,0,0.360000014305115,1.41999995708466,4.96999979019165,0,5,39,313,578,2308,Montag,NA,NA,NA
4388161847,2016-04-04,0,0,0,0,0,0,0,0,0,0,0,1440,1878,Montag,NA,NA,NA
4445114986,2016-04-04,2422,1.62999999523163,1.62999999523163,0,0,0,1.62999999523163,0,0,0,110,1330,1935,Montag,NA,NA,NA
4445114986,2016-04-11,5986,4.13000011444092,4.13000011444092,0,1.95000004768372,0.230000004172325,1.95000004768372,0,23,5,195,789,2297,Montag,NA,NA,NA
4558609924,2016-04-04,8205,5.42000007629395,5.42000007629395,0,0,0,5.42000007629395,0,0,0,367,1073,2078,Montag,NA,NA,NA
4558609924,2016-04-11,8828,5.84000015258789,5.84000015258789,0,0,0,5.84000015258789,0,0,0,308,1132,2149,Montag,NA,NA,NA
4702921684,2016-04-04,7810,6.3600001335144,6.3600001335144,0,0.479999989271164,1.20000004768372,4.67999982833862,0,6,27,216,746,2931,Montag,NA,NA,NA
4702921684,2016-04-11,6499,5.26999998092651,5.26999998092651,0,0,0,5.26999998092651,0,0,0,207,809,2677,Montag,NA,NA,NA
5553957443,2016-04-04,8921,5.88000011444092,5.88000011444092,0,2.0699999332428,0.439999997615814,3.35999989509583,0,27,8,198,754,1892,Montag,NA,NA,NA
5553957443,2016-04-11,11906,7.76999998092651,7.76999998092651,0,2.25999999046326,1.51999998092651,3.99000000953674,0,32,27,234,688,2065,Montag,NA,NA,NA
5577150313,2016-04-04,7401,5.55999994277954,5.55999994277954,0,2.3199999332428,0.360000014305115,2.88000011444092,0,70,19,204,689,3492,Montag,NA,NA,NA
5577150313,2016-04-11,2862,2.14000010490417,2.14000010490417,0,1.03999996185303,0.25,0.839999973773956,0,39,17,54,209,1511,Montag,NA,NA,NA
6117666160,2016-04-04,8468,6.3899998664856,6.3899998664856,0,0.180000007152557,0.639999985694885,5.57000017166138,0,2,11,279,1148,2262,Montag,NA,NA,NA
6290855005,2016-04-04,0,0,0,0,0,0,0,0,0,0,0,1440,2060,Montag,NA,NA,NA
6391747486,2016-04-04,0,0,0,0,0,0,0,0,0,0,0,1440,1820,Montag,NA,NA,NA
6775888955,2016-04-04,0,0,0,0,0,0,0,0,0,0,0,1440,1841,Montag,NA,NA,NA
6962181067,2016-04-04,18952,12.8000001907349,12.8000001907349,0,5.90999984741211,1.23000001907349,5.65999984741211,0,73,20,327,570,2437,Montag,NA,NA,NA
6962181067,2016-04-11,12362,9.09000015258789,8.17000007629395,2.69645500183105,1.0900000333786,2.73000001907349,5.26999998092651,0,21,38,297,678,2188,Montag,NA,NA,NA
7007744171,2016-04-04,15266,11.3999996185303,10.210000038147,5.18984985351563,5.80000019073486,0.759999990463257,4.78999996185303,0.0500000007450581,70,21,292,1057,2886,Montag,NA,NA,NA
7007744171,2016-04-11,12168,8.14000034332275,8.14000034332275,0,1.04999995231628,0.790000021457672,6.28999996185303,0,18,27,375,1020,2871,Montag,NA,NA,NA
7086361926,2016-04-04,6101,3.86999988555908,3.86999988555908,0,0.529999971389771,0.230000004172325,3.09999990463257,0,31,24,138,1247,2421,Montag,NA,NA,NA
7086361926,2016-04-11,6242,3.92000007629395,3.92000007629395,0,0.740000009536743,0.230000004172325,2.9300000667572,0,46,22,126,741,2543,Montag,NA,NA,NA
8053475328,2016-04-04,17395,13.210000038147,13.210000038147,0,9.67000007629395,0.180000007152557,3.34999990463257,0,100,4,213,1123,3209,Montag,NA,NA,NA
8053475328,2016-04-11,16064,12.7200002670288,12.7200002670288,0,9.97999954223633,0.360000014305115,2.38000011444092,0,96,8,155,1181,3097,Montag,NA,NA,NA
8253242879,2016-04-04,0,0,0,0,0,0,0,0,0,0,0,1440,1429,Montag,NA,NA,NA
8253242879,2016-04-11,1636,1.08000004291534,1.08000004291534,0,0,0,1.08000004291534,0,0,0,86,1139,1377,Montag,NA,NA,NA
8378563200,2016-04-04,13935,11.0500001907349,11.0500001907349,2.0921471118927,4.09000015258789,0.790000021457672,6.17000007629395,0,105,16,220,658,4234,Montag,NA,NA,NA
8378563200,2016-04-11,8837,7.01000022888184,7.01000022888184,2.0921471118927,1.53999996185303,0.879999995231628,4.59000015258789,0,74,17,182,811,3775,Montag,NA,NA,NA
8583815059,2016-04-04,3159,2.46000003814697,2.46000003814697,0,0,0,2.46000003814697,0,0,0,147,1293,2462,Montag,NA,NA,NA
8792009665,2016-04-04,3821,2.45000004768372,2.45000004768372,0,0,0.219999998807907,2.23000001907349,0,0,9,161,675,2229,Montag,NA,NA,NA
8792009665,2016-04-11,178,0.109999999403954,0.109999999403954,0,0,0,0.109999999403954,0,0,0,12,1428,1725,Montag,NA,NA,NA
8877689391,2016-04-04,20779,18.4099998474121,18.4099998474121,0,11.7299995422363,0.649999976158142,6,0,78,16,208,1138,3662,Montag,NA,NA,NA
8877689391,2016-04-11,10622,8.0600004196167,8.0600004196167,0,1.47000002861023,0.150000005960464,6.36999988555908,0.00999999977648258,18,7,225,1190,2820,Montag,NA,NA,NA
1503960366,2016-04-25,NA,NA,NA,NA,NA,NA,NA,NA,NA,NA,NA,NA,NA,Montag,1,277,323
1503960366,2016-05-02,NA,NA,NA,NA,NA,NA,NA,NA,NA,NA,NA,NA,NA,Montag,1,277,309
1503960366,2016-05-09,NA,NA,NA,NA,NA,NA,NA,NA,NA,NA,NA,NA,NA,Montag,1,338,342
1644430081,2016-05-02,NA,NA,NA,NA,NA,NA,NA,NA,NA,NA,NA,NA,NA,Montag,1,796,961
2026352035,2016-04-25,NA,NA,NA,NA,NA,NA,NA,NA,NA,NA,NA,NA,NA,Montag,1,506,531
2026352035,2016-05-02,NA,NA,NA,NA,NA,NA,NA,NA,NA,NA,NA,NA,NA,Montag,1,511,543
2026352035,2016-05-09,NA,NA,NA,NA,NA,NA,NA,NA,NA,NA,NA,NA,NA,Montag,1,531,556
2347167796,2016-04-18,NA,NA,NA,NA,NA,NA,NA,NA,NA,NA,NA,NA,NA,Montag,1,500,557
2347167796,2016-04-25,NA,NA,NA,NA,NA,NA,NA,NA,NA,NA,NA,NA,NA,Montag,1,433,471
3977333714,2016-04-18,NA,NA,NA,NA,NA,NA,NA,NA,NA,NA,NA,NA,NA,Montag,2,412,522
3977333714,2016-04-25,NA,NA,NA,NA,NA,NA,NA,NA,NA,NA,NA,NA,NA,Montag,1,262,467
3977333714,2016-05-02,NA,NA,NA,NA,NA,NA,NA,NA,NA,NA,NA,NA,NA,Montag,1,230,384
4319703577,2016-04-18,NA,NA,NA,NA,NA,NA,NA,NA,NA,NA,NA,NA,NA,Montag,1,515,551
4319703577,2016-04-25,NA,NA,NA,NA,NA,NA,NA,NA,NA,NA,NA,NA,NA,Montag,1,488,506
4319703577,2016-05-02,NA,NA,NA,NA,NA,NA,NA,NA,NA,NA,NA,NA,NA,Montag,1,478,506
4319703577,2016-05-09,NA,NA,NA,NA,NA,NA,NA,NA,NA,NA,NA,NA,NA,Montag,1,535,565
4388161847,2016-04-18,NA,NA,NA,NA,NA,NA,NA,NA,NA,NA,NA,NA,NA,Montag,1,99,104
4388161847,2016-05-02,NA,NA,NA,NA,NA,NA,NA,NA,NA,NA,NA,NA,NA,Montag,2,368,376
4388161847,2016-05-09,NA,NA,NA,NA,NA,NA,NA,NA,NA,NA,NA,NA,NA,Montag,1,62,65
4445114986,2016-04-25,NA,NA,NA,NA,NA,NA,NA,NA,NA,NA,NA,NA,NA,Montag,1,328,345
4445114986,2016-05-02,NA,NA,NA,NA,NA,NA,NA,NA,NA,NA,NA,NA,NA,Montag,1,502,542
4445114986,2016-05-09,NA,NA,NA,NA,NA,NA,NA,NA,NA,NA,NA,NA,NA,Montag,1,457,533
4702921684,2016-04-18,NA,NA,NA,NA,NA,NA,NA,NA,NA,NA,NA,NA,NA,Montag,1,293,312
4702921684,2016-04-25,NA,NA,NA,NA,NA,NA,NA,NA,NA,NA,NA,NA,NA,Montag,1,370,380
4702921684,2016-05-09,NA,NA,NA,NA,NA,NA,NA,NA,NA,NA,NA,NA,NA,Montag,1,435,458
5553957443,2016-04-18,NA,NA,NA,NA,NA,NA,NA,NA,NA,NA,NA,NA,NA,Montag,2,520,541
5553957443,2016-04-25,NA,NA,NA,NA,NA,NA,NA,NA,NA,NA,NA,NA,NA,Montag,1,433,468
5553957443,2016-05-02,NA,NA,NA,NA,NA,NA,NA,NA,NA,NA,NA,NA,NA,Montag,1,409,471
5553957443,2016-05-09,NA,NA,NA,NA,NA,NA,NA,NA,NA,NA,NA,NA,NA,Montag,1,453,494
5577150313,2016-04-18,NA,NA,NA,NA,NA,NA,NA,NA,NA,NA,NA,NA,NA,Montag,1,527,553
5577150313,2016-04-25,NA,NA,NA,NA,NA,NA,NA,NA,NA,NA,NA,NA,NA,Montag,1,421,461
5577150313,2016-05-02,NA,NA,NA,NA,NA,NA,NA,NA,NA,NA,NA,NA,NA,Montag,2,525,553
6117666160,2016-04-18,NA,NA,NA,NA,NA,NA,NA,NA,NA,NA,NA,NA,NA,Montag,2,493,510
6117666160,2016-05-09,NA,NA,NA,NA,NA,NA,NA,NA,NA,NA,NA,NA,NA,Montag,1,492,522
6962181067,2016-04-18,NA,NA,NA,NA,NA,NA,NA,NA,NA,NA,NA,NA,NA,Montag,1,442,458
6962181067,2016-04-25,NA,NA,NA,NA,NA,NA,NA,NA,NA,NA,NA,NA,NA,Montag,1,400,415
6962181067,2016-05-02,NA,NA,NA,NA,NA,NA,NA,NA,NA,NA,NA,NA,NA,Montag,1,466,482
6962181067,2016-05-09,NA,NA,NA,NA,NA,NA,NA,NA,NA,NA,NA,NA,NA,Montag,1,489,497
7086361926,2016-04-25,NA,NA,NA,NA,NA,NA,NA,NA,NA,NA,NA,NA,NA,Montag,1,446,447
7086361926,2016-05-02,NA,NA,NA,NA,NA,NA,NA,NA,NA,NA,NA,NA,NA,Montag,1,440,459
7086361926,2016-05-09,NA,NA,NA,NA,NA,NA,NA,NA,NA,NA,NA,NA,NA,Montag,1,427,438
8378563200,2016-04-18,NA,NA,NA,NA,NA,NA,NA,NA,NA,NA,NA,NA,NA,Montag,1,398,451
8378563200,2016-04-25,NA,NA,NA,NA,NA,NA,NA,NA,NA,NA,NA,NA,NA,Montag,1,388,402
8378563200,2016-05-02,NA,NA,NA,NA,NA,NA,NA,NA,NA,NA,NA,NA,NA,Montag,1,351,385
8378563200,2016-05-09,NA,NA,NA,NA,NA,NA,NA,NA,NA,NA,NA,NA,NA,Montag,1,359,399
8792009665,2016-05-02,NA,NA,NA,NA,NA,NA,NA,NA,NA,NA,NA,NA,NA,Montag,1,415,423
1503960366,2016-03-29,12041,7.84999990463257,7.84999990463257,0,2.16000008583069,1.0900000333786,4.6100001335144,0,28,28,243,763,1886,Dienstag,NA,NA,NA
1503960366,2016-04-05,14844,9.72999954223633,9.72999954223633,0,2.94000005722046,0.759999990463257,6.03999996185303,0,36,18,341,736,2083,Dienstag,NA,NA,NA
1503960366,2016-04-12,224,0.140000000596046,0.140000000596046,0,0,0,0.129999995231628,0,0,0,9,32,50,Dienstag,1,327,346
1624580081,2016-03-29,1552,1.00999999046326,1.00999999046326,0,0,0,1,0,0,0,66,1374,1300,Dienstag,NA,NA,NA
1624580081,2016-04-05,1335,0.870000004768372,0.870000004768372,0,0,0,0.870000004768372,0,0,0,74,1366,1308,Dienstag,NA,NA,NA
1624580081,2016-04-12,6627,4.30999994277954,4.30999994277954,0,0,0,4.30999994277954,0,0,0,89,604,706,Dienstag,NA,NA,NA
1644430081,2016-04-05,9921,7.21000003814697,7.21000003814697,0,0.340000003576279,1.51999998092651,5.3600001335144,0,5,35,219,1181,3098,Dienstag,NA,NA,NA
1844505072,2016-04-05,0,0,0,0,0,0,0,0,0,0,0,1440,1347,Dienstag,NA,NA,NA
1844505072,2016-04-12,0,0,0,0,0,0,0,0,0,0,0,426,399,Dienstag,NA,NA,NA
1927972279,2016-04-05,2234,1.54999995231628,1.54999995231628,0,0,0,1.54999995231628,0,0,0,108,912,2344,Dienstag,NA,NA,NA
1927972279,2016-04-12,24,0.0199999995529652,0.0199999995529652,0,0,0,0.0199999995529652,0,0,0,3,161,942,Dienstag,3,750,775
2022484408,2016-04-05,10805,7.59000015258789,7.59000015258789,0,0.720000028610229,0.980000019073486,5.8899998664856,0,36,37,298,1069,2735,Dienstag,NA,NA,NA
2022484408,2016-04-12,6717,4.71999979019165,4.71999979019165,0,3.23000001907349,0.219999998807907,1.26999998092651,0,41,5,67,551,1140,Dienstag,NA,NA,NA
2026352035,2016-04-05,5645,3.5,3.5,0,0,0,3.5,0,0,0,248,621,1538,Dienstag,NA,NA,NA
2026352035,2016-04-12,1019,0.629999995231628,0.629999995231628,0,0,0,0.629999995231628,0,0,0,64,223,600,Dienstag,1,503,546
2320127002,2016-04-05,4931,3.3199999332428,3.3199999332428,0,0,0,3.3199999332428,0,0,0,175,1265,1708,Dienstag,NA,NA,NA
2320127002,2016-04-12,2098,1.4099999666214,1.4099999666214,0,0,0,1.4099999666214,0,0,0,69,617,790,Dienstag,NA,NA,NA
2347167796,2016-03-29,10272,6.78999996185303,6.78999996185303,0,0.159999996423721,3.11999988555908,3.5,0,2,58,208,700,2041,Dienstag,NA,NA,NA
2347167796,2016-04-05,10114,6.82000017166138,6.82000017166138,0,1.63999998569489,0.479999989271164,4.67999982833862,0,18,9,269,696,2096,Dienstag,NA,NA,NA
2347167796,2016-04-12,0,0,0,0,0,0,0,0,0,0,0,425,399,Dienstag,NA,NA,NA
2873212765,2016-04-05,8432,5.67000007629395,5.67000007629395,0,0,0,5.65000009536743,0.00999999977648258,0,0,374,1066,1953,Dienstag,NA,NA,NA
2873212765,2016-04-12,0,0,0,0,0,0,0,0,0,0,0,1440,0,Dienstag,NA,NA,NA
2891001357,2016-03-29,0,0,0,0,0,0,0,0,0,0,0,1440,1920,Dienstag,NA,NA,NA
2891001357,2016-04-05,2063,1.61000001430511,0,1.60934400558472,0,0,1.61000001430511,0,0,0,630,99,1144,Dienstag,NA,NA,NA
3372868164,2016-04-05,4460,3.03999996185303,3.03999996185303,0,0,0,3.01999998092651,0.0299999993294477,0,0,248,1192,1787,Dienstag,NA,NA,NA
3977333714,2016-04-05,12303,8.22999954223633,8.22999954223633,0,1.71000003814697,1.35000002384186,5.17000007629395,0,26,32,291,605,1649,Dienstag,NA,NA,NA
3977333714,2016-04-12,759,0.569999992847443,0.569999992847443,0,0,0,0.569999992847443,0,0,0,17,187,182,Dienstag,1,274,469
4020332650,2016-03-15,5906,4.23000001907349,4.23000001907349,0,0,0.159999996423721,4.03999996185303,0,0,10,215,874,3016,Dienstag,NA,NA,NA
4020332650,2016-03-22,6662,4.78000020980835,4.78000020980835,0,0,0,0,0,0,0,0,1440,3162,Dienstag,NA,NA,NA
4020332650,2016-03-29,4152,2.98000001907349,2.98000001907349,0,0,0,2.96000003814697,0,0,0,187,1253,2976,Dienstag,NA,NA,NA
4020332650,2016-04-05,6880,4.92999982833862,4.92999982833862,0,0.5,0.759999990463257,3.65000009536743,0,7,19,165,1249,2966,Dienstag,NA,NA,NA
4020332650,2016-04-12,8,0.00999999977648258,0.00999999977648258,0,0,0,0.00999999977648258,0,0,0,1,321,446,Dienstag,1,501,541
4057192912,2016-03-15,0,0,0,0,0,0,0,0,0,0,0,1440,1776,Dienstag,NA,NA,NA
4057192912,2016-03-22,5561,4.19000005722046,4.19000005722046,0,0,0,4.07000017166138,0,0,0,169,1271,2296,Dienstag,NA,NA,NA
4057192912,2016-03-29,5137,3.75999999046326,3.75999999046326,0,0,0,3.75999999046326,0,0,0,160,1280,2293,Dienstag,NA,NA,NA
4057192912,2016-04-05,0,0,0,0,0,0,0,0,0,0,0,1440,1776,Dienstag,NA,NA,NA
4057192912,2016-04-12,187,0.140000000596046,0.140000000596046,0,0,0,0.140000000596046,0,0,0,11,400,538,Dienstag,NA,NA,NA
4319703577,2016-03-29,5643,3.78999996185303,3.78999996185303,0,0.230000004172325,0.330000013113022,3.23000001907349,0,3,8,199,683,1958,Dienstag,NA,NA,NA
4319703577,2016-04-05,8359,5.63000011444092,5.63000011444092,0,0.230000004172325,0.529999971389771,4.86999988555908,0,3,14,311,638,2201,Dienstag,NA,NA,NA
4388161847,2016-03-29,0,0,0,0,0,0,0,0,0,0,0,1440,1878,Dienstag,NA,NA,NA
4388161847,2016-04-05,0,0,0,0,0,0,0,0,0,0,0,994,1296,Dienstag,NA,NA,NA
4445114986,2016-03-29,2303,1.54999995231628,1.54999995231628,0,0,0,1.54999995231628,0,0,0,155,807,2010,Dienstag,NA,NA,NA
4445114986,2016-04-05,4239,2.83999991416931,2.83999991416931,0,0.0599999986588955,0.239999994635582,2.52999997138977,0,1,6,235,702,2217,Dienstag,NA,NA,NA
4445114986,2016-04-12,278,0.189999997615814,0.189999997615814,0,0,0,0.189999997615814,0,0,0,20,253,745,Dienstag,2,429,457
4558609924,2016-04-05,6799,4.48999977111816,4.48999977111816,0,1.5900000333786,0.860000014305115,2.03999996185303,0,24,14,185,1217,1876,Dienstag,NA,NA,NA
4558609924,2016-04-12,1260,0.829999983310699,0.829999983310699,0,0,0,0.819999992847443,0,0,0,76,555,722,Dienstag,NA,NA,NA
4702921684,2016-03-29,6506,5.28000020980835,5.28000020980835,0,0.330000013113022,0.270000010728836,4.67000007629395,0,4,5,241,760,2886,Dienstag,NA,NA,NA
4702921684,2016-04-05,6670,5.40999984741211,5.40999984741211,0,1.24000000953674,0.800000011920929,3.36999988555908,0,15,16,199,770,2848,Dienstag,NA,NA,NA
4702921684,2016-04-12,0,0,0,0,0,0,0,0,0,0,0,1440,0,Dienstag,1,425,439
5553957443,2016-04-05,11306,7.38000011444092,7.38000011444092,0,2.30999994277954,0.980000019073486,4.09000015258789,0,40,26,218,772,2086,Dienstag,NA,NA,NA
5553957443,2016-04-12,3436,2.24000000953674,2.24000000953674,0,0.5,0.670000016689301,1.04999995231628,0,7,11,50,61,633,Dienstag,1,441,464
5577150313,2016-04-05,8964,6.69999980926514,6.69999980926514,0,3.97000002861023,0.189999997615814,2.52999997138977,0,107,18,145,756,3597,Dienstag,NA,NA,NA
6117666160,2016-04-05,9910,7.48000001907349,7.48000001907349,0,0,0,7.48000001907349,0,0,0,384,990,2445,Dienstag,NA,NA,NA
6290855005,2016-04-05,0,0,0,0,0,0,0,0,0,0,0,1440,2060,Dienstag,NA,NA,NA
6391747486,2016-04-05,9766,7.51000022888184,0.779999971389771,6.72705698013306,0,0.0500000007450581,7.46000003814697,0,0,6,301,1133,2442,Dienstag,NA,NA,NA
6775888955,2016-04-05,9348,6.69999980926514,6.69999980926514,0,1.12999999523163,2.03999996185303,3.14000010490417,0,56,133,240,1011,4286,Dienstag,NA,NA,NA
6962181067,2016-04-05,12010,7.94000005722046,7.94000005722046,0,2.38000011444092,0.949999988079071,4.6100001335144,0,38,17,287,692,2158,Dienstag,NA,NA,NA
6962181067,2016-04-12,5893,3.90000009536743,3.90000009536743,0,2.88000011444092,0.560000002384186,0.46000000834465,0,43,9,48,146,917,Dienstag,1,366,387
7007744171,2016-04-05,12084,9.14000034332275,8.07999992370605,4.83638000488281,4.3899998664856,0.46000000834465,4.28999996185303,0,50,6,284,1030,2676,Dienstag,NA,NA,NA
7007744171,2016-04-12,7413,5.76999998092651,4.96000003814697,4.8697829246521,4.5,0.340000003576279,0.939999997615814,0,53,6,43,405,1023,Dienstag,NA,NA,NA
7086361926,2016-04-05,7478,4.98999977111816,4.98999977111816,0,1.79999995231628,0.529999971389771,2.60999989509583,0.0299999993294477,25,33,132,1159,2439,Dienstag,NA,NA,NA
7086361926,2016-04-12,430,0.259999990463257,0.259999990463257,0,0,0,0.259999990463257,0,0,0,14,75,625,Dienstag,1,514,525
8053475328,2016-04-05,17167,13.4099998474121,13.4099998474121,0,9.96000003814697,0.310000002384186,3.14000010490417,0,98,8,184,1150,3167,Dienstag,NA,NA,NA
8053475328,2016-04-12,290,0.209999993443489,0.209999993443489,0,0,0,0.209999993443489,0,0,0,16,599,791,Dienstag,NA,NA,NA
8253242879,2016-04-05,0,0,0,0,0,0,0,0,0,0,0,1440,1429,Dienstag,NA,NA,NA
8253242879,2016-04-12,0,0,0,0,0,0,0,0,0,0,0,1440,0,Dienstag,NA,NA,NA
8378563200,2016-04-05,12846,10.1899995803833,10.1899995803833,2.25308108329773,5,0.75,4.44000005722046,0,113,15,189,686,4128,Dienstag,NA,NA,NA
8378563200,2016-04-12,3246,2.5699999332428,2.5699999332428,2.25308108329773,0.829999983310699,0.709999978542328,1.02999997138977,0,65,15,49,243,1882,Dienstag,1,338,356
8583815059,2016-04-05,6835,5.32999992370605,5.32999992370605,0,0.370000004768372,0.730000019073486,4.23999977111816,0,5,15,212,1208,2786,Dienstag,NA,NA,NA
8792009665,2016-04-05,2332,1.49000000953674,1.49000000953674,0,0.00999999977648258,0.180000007152557,1.29999995231628,0,1,10,111,904,2100,Dienstag,NA,NA,NA
8792009665,2016-04-12,20,0.00999999977648258,0.00999999977648258,0,0,0,0.00999999977648258,0,0,0,6,598,728,Dienstag,1,458,493
8877689391,2016-04-05,10695,8.11999988555908,8.11999988555908,0,0.769999980926514,0.180000007152557,7.09000015258789,0.00999999977648258,10,3,246,1181,2834,Dienstag,NA,NA,NA
8877689391,2016-04-12,2350,1.77999997138977,1.77999997138977,0,0,0,1.77999997138977,0,0,0,58,531,938,Dienstag,NA,NA,NA
1503960366,2016-04-19,NA,NA,NA,NA,NA,NA,NA,NA,NA,NA,NA,NA,NA,Dienstag,1,304,320
1503960366,2016-04-26,NA,NA,NA,NA,NA,NA,NA,NA,NA,NA,NA,NA,NA,Dienstag,1,245,274
1503960366,2016-05-03,NA,NA,NA,NA,NA,NA,NA,NA,NA,NA,NA,NA,NA,Dienstag,1,273,296
1503960366,2016-05-10,NA,NA,NA,NA,NA,NA,NA,NA,NA,NA,NA,NA,NA,Dienstag,1,383,403
1927972279,2016-04-26,NA,NA,NA,NA,NA,NA,NA,NA,NA,NA,NA,NA,NA,Dienstag,1,296,315
2026352035,2016-04-19,NA,NA,NA,NA,NA,NA,NA,NA,NA,NA,NA,NA,NA,Dienstag,1,498,540
2026352035,2016-05-10,NA,NA,NA,NA,NA,NA,NA,NA,NA,NA,NA,NA,NA,Dienstag,1,357,380
2347167796,2016-04-19,NA,NA,NA,NA,NA,NA,NA,NA,NA,NA,NA,NA,NA,Dienstag,1,465,514
2347167796,2016-04-26,NA,NA,NA,NA,NA,NA,NA,NA,NA,NA,NA,NA,NA,Dienstag,1,436,490
3977333714,2016-04-19,NA,NA,NA,NA,NA,NA,NA,NA,NA,NA,NA,NA,NA,Dienstag,1,219,395
3977333714,2016-04-26,NA,NA,NA,NA,NA,NA,NA,NA,NA,NA,NA,NA,NA,Dienstag,1,250,371
3977333714,2016-05-03,NA,NA,NA,NA,NA,NA,NA,NA,NA,NA,NA,NA,NA,Dienstag,1,292,500
3977333714,2016-05-10,NA,NA,NA,NA,NA,NA,NA,NA,NA,NA,NA,NA,NA,Dienstag,1,312,452
4020332650,2016-05-03,NA,NA,NA,NA,NA,NA,NA,NA,NA,NA,NA,NA,NA,Dienstag,1,322,332
4020332650,2016-05-10,NA,NA,NA,NA,NA,NA,NA,NA,NA,NA,NA,NA,NA,Dienstag,1,442,494
4319703577,2016-04-19,NA,NA,NA,NA,NA,NA,NA,NA,NA,NA,NA,NA,NA,Dienstag,2,461,498
4319703577,2016-04-26,NA,NA,NA,NA,NA,NA,NA,NA,NA,NA,NA,NA,NA,Dienstag,1,505,516
4319703577,2016-05-03,NA,NA,NA,NA,NA,NA,NA,NA,NA,NA,NA,NA,NA,Dienstag,1,474,512
4319703577,2016-05-10,NA,NA,NA,NA,NA,NA,NA,NA,NA,NA,NA,NA,NA,Dienstag,1,487,517
4388161847,2016-04-19,NA,NA,NA,NA,NA,NA,NA,NA,NA,NA,NA,NA,NA,Dienstag,1,329,338
4388161847,2016-04-26,NA,NA,NA,NA,NA,NA,NA,NA,NA,NA,NA,NA,NA,Dienstag,1,319,346
4388161847,2016-05-10,NA,NA,NA,NA,NA,NA,NA,NA,NA,NA,NA,NA,NA,Dienstag,1,354,375
4445114986,2016-04-19,NA,NA,NA,NA,NA,NA,NA,NA,NA,NA,NA,NA,NA,Dienstag,2,388,424
4445114986,2016-04-26,NA,NA,NA,NA,NA,NA,NA,NA,NA,NA,NA,NA,NA,Dienstag,2,353,391
4445114986,2016-05-03,NA,NA,NA,NA,NA,NA,NA,NA,NA,NA,NA,NA,NA,Dienstag,2,417,450
4445114986,2016-05-10,NA,NA,NA,NA,NA,NA,NA,NA,NA,NA,NA,NA,NA,Dienstag,1,405,426
4558609924,2016-04-26,NA,NA,NA,NA,NA,NA,NA,NA,NA,NA,NA,NA,NA,Dienstag,1,103,121
4702921684,2016-04-19,NA,NA,NA,NA,NA,NA,NA,NA,NA,NA,NA,NA,NA,Dienstag,1,457,487
4702921684,2016-04-26,NA,NA,NA,NA,NA,NA,NA,NA,NA,NA,NA,NA,NA,Dienstag,1,421,429
4702921684,2016-05-03,NA,NA,NA,NA,NA,NA,NA,NA,NA,NA,NA,NA,NA,Dienstag,1,327,373
4702921684,2016-05-10,NA,NA,NA,NA,NA,NA,NA,NA,NA,NA,NA,NA,NA,Dienstag,1,416,431
5553957443,2016-04-19,NA,NA,NA,NA,NA,NA,NA,NA,NA,NA,NA,NA,NA,Dienstag,1,357,410
5553957443,2016-04-26,NA,NA,NA,NA,NA,NA,NA,NA,NA,NA,NA,NA,NA,Dienstag,1,412,453
5553957443,2016-05-03,NA,NA,NA,NA,NA,NA,NA,NA,NA,NA,NA,NA,NA,Dienstag,1,380,429
5553957443,2016-05-10,NA,NA,NA,NA,NA,NA,NA,NA,NA,NA,NA,NA,NA,Dienstag,1,418,443
5577150313,2016-04-12,NA,NA,NA,NA,NA,NA,NA,NA,NA,NA,NA,NA,NA,Dienstag,1,419,438
5577150313,2016-04-19,NA,NA,NA,NA,NA,NA,NA,NA,NA,NA,NA,NA,NA,Dienstag,1,449,465
5577150313,2016-04-26,NA,NA,NA,NA,NA,NA,NA,NA,NA,NA,NA,NA,NA,Dienstag,1,354,377
5577150313,2016-05-03,NA,NA,NA,NA,NA,NA,NA,NA,NA,NA,NA,NA,NA,Dienstag,1,508,543
5577150313,2016-05-10,NA,NA,NA,NA,NA,NA,NA,NA,NA,NA,NA,NA,NA,Dienstag,1,504,562
6117666160,2016-04-19,NA,NA,NA,NA,NA,NA,NA,NA,NA,NA,NA,NA,NA,Dienstag,1,465,492
6962181067,2016-04-19,NA,NA,NA,NA,NA,NA,NA,NA,NA,NA,NA,NA,NA,Dienstag,1,476,535
6962181067,2016-04-26,NA,NA,NA,NA,NA,NA,NA,NA,NA,NA,NA,NA,NA,Dienstag,1,441,446
6962181067,2016-05-03,NA,NA,NA,NA,NA,NA,NA,NA,NA,NA,NA,NA,NA,Dienstag,1,394,418
6962181067,2016-05-10,NA,NA,NA,NA,NA,NA,NA,NA,NA,NA,NA,NA,NA,Dienstag,1,469,481
7086361926,2016-04-19,NA,NA,NA,NA,NA,NA,NA,NA,NA,NA,NA,NA,NA,Dienstag,1,472,483
7086361926,2016-04-26,NA,NA,NA,NA,NA,NA,NA,NA,NA,NA,NA,NA,NA,Dienstag,1,485,500
7086361926,2016-05-03,NA,NA,NA,NA,NA,NA,NA,NA,NA,NA,NA,NA,NA,Dienstag,1,456,461
8378563200,2016-04-19,NA,NA,NA,NA,NA,NA,NA,NA,NA,NA,NA,NA,NA,Dienstag,1,387,421
8378563200,2016-04-26,NA,NA,NA,NA,NA,NA,NA,NA,NA,NA,NA,NA,NA,Dienstag,1,550,584
8378563200,2016-05-03,NA,NA,NA,NA,NA,NA,NA,NA,NA,NA,NA,NA,NA,Dienstag,1,405,429
8378563200,2016-05-10,NA,NA,NA,NA,NA,NA,NA,NA,NA,NA,NA,NA,NA,Dienstag,1,342,391
8792009665,2016-05-03,NA,NA,NA,NA,NA,NA,NA,NA,NA,NA,NA,NA,NA,Dienstag,1,516,545
1503960366,2016-03-30,10970,7.15999984741211,7.15999984741211,0,2.35999989509583,0.509999990463257,4.28999996185303,0,30,13,223,1174,1820,Mittwoch,NA,NA,NA
1503960366,2016-04-06,11974,7.67000007629395,7.67000007629395,0,2.03999996185303,0.479999989271164,5.15000009536743,0,27,12,228,1173,1861,Mittwoch,NA,NA,NA
1624580081,2016-03-30,1675,1.0900000333786,1.0900000333786,0,0,0,1.0900000333786,0,0,0,84,1356,1313,Mittwoch,NA,NA,NA
1624580081,2016-04-06,1004,0.649999976158142,0.649999976158142,0,0,0,0.649999976158142,0,0,0,55,1385,1276,Mittwoch,NA,NA,NA
1644430081,2016-04-06,8046,5.84999990463257,5.84999990463257,0,1.28999996185303,2.11999988555908,2.45000004768372,0,18,41,137,1244,2925,Mittwoch,NA,NA,NA
1844505072,2016-04-06,7,0,0,0,0,0,0,0,0,0,1,1439,1349,Mittwoch,NA,NA,NA
1927972279,2016-04-06,1259,0.870000004768372,0.870000004768372,0,0,0,0.870000004768372,0,0,0,73,938,2202,Mittwoch,NA,NA,NA
2022484408,2016-04-06,15392,10.9300003051758,10.9300003051758,0,3.4300000667572,1.75,5.75,0,47,42,258,1093,2733,Mittwoch,NA,NA,NA
2026352035,2016-04-06,3180,1.97000002861023,1.97000002861023,0,0,0,1.97000002861023,0,0,0,185,738,1421,Mittwoch,NA,NA,NA
2320127002,2016-04-06,6999,4.71999979019165,4.71999979019165,0,0,0,4.71999979019165,0,0,0,320,1120,1950,Mittwoch,NA,NA,NA
2347167796,2016-03-30,10533,7.09999990463257,7.09999990463257,0,1.76999998092651,2.05999994277954,3.26999998092651,0,21,35,255,615,2187,Mittwoch,NA,NA,NA
2347167796,2016-04-06,11107,7.34000015258789,7.34000015258789,0,0.899999976158142,2.75999999046326,3.6800000667572,0,14,46,196,759,2058,Mittwoch,NA,NA,NA
2873212765,2016-04-06,7350,4.94000005722046,4.94000005722046,0,0,0,4.94000005722046,0,0,0,382,1058,1910,Mittwoch,NA,NA,NA
2891001357,2016-03-30,0,0,0,0,0,0,0,0,0,0,0,1440,1920,Mittwoch,NA,NA,NA
3372868164,2016-04-06,6406,4.3899998664856,4.3899998664856,0,0.779999971389771,0.0900000035762787,3.51999998092651,0.00999999977648258,17,4,325,1094,2010,Mittwoch,NA,NA,NA
3977333714,2016-04-06,15425,10.3199996948242,10.3199996948242,0,1.62000000476837,1.82000005245209,6.86999988555908,0,24,45,331,614,1783,Mittwoch,NA,NA,NA
4020332650,2016-03-16,12483,8.98999977111816,8.98999977111816,0,1.45000004768372,0.569999992847443,6.90000009536743,0,25,14,309,599,3830,Mittwoch,NA,NA,NA
4020332650,2016-03-23,6309,4.51999998092651,4.51999998092651,0,0,0,0,0,0,0,0,1440,3140,Mittwoch,NA,NA,NA
4020332650,2016-03-30,5400,3.86999988555908,3.86999988555908,0,0,0,3.84999990463257,0,0,0,258,795,3418,Mittwoch,NA,NA,NA
4020332650,2016-04-06,7476,5.3600001335144,5.3600001335144,0,0,0,5.30999994277954,0,0,0,263,920,3253,Mittwoch,NA,NA,NA
4057192912,2016-03-16,2139,1.55999994277954,1.55999994277954,0,0,1.29999995231628,0.259999990463257,0,0,28,15,1397,1935,Mittwoch,NA,NA,NA
4057192912,2016-03-23,7239,5.34000015258789,5.34000015258789,0,0.550000011920929,0.360000014305115,4.38000011444092,0,7,7,190,1236,2484,Mittwoch,NA,NA,NA
4057192912,2016-03-30,5419,4,4.57000017166138,0.055842999368906,0,0,3.91000008583069,0.0599999986588955,0,0,145,1295,2259,Mittwoch,NA,NA,NA
4057192912,2016-04-06,18,0.00999999977648258,0.00999999977648258,0,0,0,0.00999999977648258,0,0,0,2,1438,1780,Mittwoch,NA,NA,NA
4319703577,2016-03-30,9043,6.07000017166138,6.07000017166138,0,0.25,0.430000007152557,5.36999988555908,0,4,12,244,702,2141,Mittwoch,NA,NA,NA
4319703577,2016-04-06,10946,7.34999990463257,7.34999990463257,0,0.540000021457672,2.08999991416931,4.71999979019165,0,8,51,308,569,2341,Mittwoch,NA,NA,NA
4388161847,2016-03-30,0,0,0,0,0,0,0,0,0,0,0,1440,1878,Mittwoch,NA,NA,NA
4445114986,2016-03-30,2600,1.74000000953674,1.74000000953674,0,0,0,1.74000000953674,0,0,0,163,1277,2032,Mittwoch,NA,NA,NA
4445114986,2016-04-06,6911,4.78000020980835,4.78000020980835,0,2.3199999332428,0.100000001490116,2.35999989509583,0,28,2,215,745,2374,Mittwoch,NA,NA,NA
4558609924,2016-04-06,5668,3.75,3.75,0,0,0,3.75,0,0,0,259,1181,1853,Mittwoch,NA,NA,NA
4702921684,2016-03-30,7583,6.15000009536743,6.15000009536743,0,0.25,0.550000011920929,5.34999990463257,0,3,13,227,742,2915,Mittwoch,NA,NA,NA
4702921684,2016-04-06,7605,6.17999982833862,6.17999982833862,0,0.330000013113022,0.209999993443489,5.63000011444092,0,4,4,248,708,2943,Mittwoch,NA,NA,NA
5553957443,2016-04-06,12252,8,8,0,2.41000008583069,1.70000004768372,3.89000010490417,0,33,28,229,745,2044,Mittwoch,NA,NA,NA
5577150313,2016-04-06,11080,8.30000019073486,8.30000019073486,0,3.13000011444092,1.37000000476837,3.80999994277954,0,83,52,190,695,3765,Mittwoch,NA,NA,NA
6117666160,2016-04-06,12409,9.36999988555908,9.36999988555908,0,0,0,9.36999988555908,0,0,0,491,388,2694,Mittwoch,NA,NA,NA
6290855005,2016-04-06,0,0,0,0,0,0,0,0,0,0,0,1440,2060,Mittwoch,NA,NA,NA
6391747486,2016-04-06,165,0.129999995231628,0.129999995231628,0,0,0,0.129999995231628,0,0,0,8,1432,1849,Mittwoch,NA,NA,NA
6775888955,2016-04-06,11761,8.43000030517578,8.43000030517578,0,1.30999994277954,2.44000005722046,4.67999982833862,0,24,99,300,550,3920,Mittwoch,NA,NA,NA
6962181067,2016-03-30,15491,10.2399997711182,10.2399997711182,0,1.28999996185303,4.48999977111816,4.46000003814697,0,18,77,272,641,2244,Mittwoch,NA,NA,NA
6962181067,2016-04-06,12480,8.85999965667725,8.25,3.97279500961304,4.17999982833862,0.689999997615814,4,0,55,14,276,593,2170,Mittwoch,NA,NA,NA
7007744171,2016-04-06,13513,10.25,9.06999969482422,4.83572006225586,5.34999990463257,0.330000013113022,4.55999994277954,0,64,8,270,1098,2811,Mittwoch,NA,NA,NA
7086361926,2016-04-06,7352,4.73000001907349,4.73000001907349,0,1.4099999666214,0.779999971389771,2.52999997138977,0,19,14,124,814,2233,Mittwoch,NA,NA,NA
8053475328,2016-04-06,16435,12.4200000762939,12.4200000762939,0,8.96000003814697,0.550000011920929,2.91000008583069,0,100,14,191,1135,3122,Mittwoch,NA,NA,NA
8253242879,2016-04-06,1931,1.27999997138977,1.27999997138977,0,0,0,1.27999997138977,0,0,0,94,1346,1607,Mittwoch,NA,NA,NA
8378563200,2016-04-06,9124,7.23999977111816,7.23999977111816,2.0921471118927,0,0.25,6.98999977111816,0,55,6,230,728,3798,Mittwoch,NA,NA,NA
8583815059,2016-04-06,2098,1.63999998569489,1.63999998569489,0,0,0,1.62999999523163,0,0,0,112,1328,2354,Mittwoch,NA,NA,NA
8792009665,2016-04-06,2121,1.36000001430511,1.36000001430511,0,0,0,1.36000001430511,0,0,0,122,855,2114,Mittwoch,NA,NA,NA
8877689391,2016-04-06,24136,20.9099998474121,20.9099998474121,0,12.2200002670288,0.540000021457672,8.07999992370605,0,87,16,318,1019,4039,Mittwoch,NA,NA,NA
1503960366,2016-04-13,NA,NA,NA,NA,NA,NA,NA,NA,NA,NA,NA,NA,NA,Mittwoch,2,384,407
1503960366,2016-04-20,NA,NA,NA,NA,NA,NA,NA,NA,NA,NA,NA,NA,NA,Mittwoch,1,360,377
1503960366,2016-05-11,NA,NA,NA,NA,NA,NA,NA,NA,NA,NA,NA,NA,NA,Mittwoch,1,285,306
1927972279,2016-04-13,NA,NA,NA,NA,NA,NA,NA,NA,NA,NA,NA,NA,NA,Mittwoch,1,398,422
2026352035,2016-04-13,NA,NA,NA,NA,NA,NA,NA,NA,NA,NA,NA,NA,NA,Mittwoch,1,531,565
2026352035,2016-04-20,NA,NA,NA,NA,NA,NA,NA,NA,NA,NA,NA,NA,NA,Mittwoch,1,461,510
2026352035,2016-04-27,NA,NA,NA,NA,NA,NA,NA,NA,NA,NA,NA,NA,NA,Mittwoch,1,508,545
2026352035,2016-05-04,NA,NA,NA,NA,NA,NA,NA,NA,NA,NA,NA,NA,NA,Mittwoch,1,538,560
2026352035,2016-05-11,NA,NA,NA,NA,NA,NA,NA,NA,NA,NA,NA,NA,NA,Mittwoch,1,523,553
2347167796,2016-04-13,NA,NA,NA,NA,NA,NA,NA,NA,NA,NA,NA,NA,NA,Mittwoch,1,467,531
2347167796,2016-04-27,NA,NA,NA,NA,NA,NA,NA,NA,NA,NA,NA,NA,NA,Mittwoch,1,448,499
3977333714,2016-04-13,NA,NA,NA,NA,NA,NA,NA,NA,NA,NA,NA,NA,NA,Mittwoch,2,295,456
3977333714,2016-04-20,NA,NA,NA,NA,NA,NA,NA,NA,NA,NA,NA,NA,NA,Mittwoch,2,152,305
3977333714,2016-04-27,NA,NA,NA,NA,NA,NA,NA,NA,NA,NA,NA,NA,NA,Mittwoch,1,349,540
3977333714,2016-05-04,NA,NA,NA,NA,NA,NA,NA,NA,NA,NA,NA,NA,NA,Mittwoch,1,213,336
4020332650,2016-05-04,NA,NA,NA,NA,NA,NA,NA,NA,NA,NA,NA,NA,NA,Mittwoch,1,478,536
4319703577,2016-04-20,NA,NA,NA,NA,NA,NA,NA,NA,NA,NA,NA,NA,NA,Mittwoch,1,523,543
4319703577,2016-04-27,NA,NA,NA,NA,NA,NA,NA,NA,NA,NA,NA,NA,NA,Mittwoch,1,286,307
4319703577,2016-05-11,NA,NA,NA,NA,NA,NA,NA,NA,NA,NA,NA,NA,NA,Mittwoch,1,529,558
4388161847,2016-04-20,NA,NA,NA,NA,NA,NA,NA,NA,NA,NA,NA,NA,NA,Mittwoch,1,421,451
4388161847,2016-04-27,NA,NA,NA,NA,NA,NA,NA,NA,NA,NA,NA,NA,NA,Mittwoch,1,439,500
4388161847,2016-05-04,NA,NA,NA,NA,NA,NA,NA,NA,NA,NA,NA,NA,NA,Mittwoch,1,390,414
4388161847,2016-05-11,NA,NA,NA,NA,NA,NA,NA,NA,NA,NA,NA,NA,NA,Mittwoch,1,469,494
4445114986,2016-04-13,NA,NA,NA,NA,NA,NA,NA,NA,NA,NA,NA,NA,NA,Mittwoch,2,370,406
4445114986,2016-04-20,NA,NA,NA,NA,NA,NA,NA,NA,NA,NA,NA,NA,NA,Mittwoch,1,439,462
4445114986,2016-04-27,NA,NA,NA,NA,NA,NA,NA,NA,NA,NA,NA,NA,NA,Mittwoch,1,332,374
4445114986,2016-05-04,NA,NA,NA,NA,NA,NA,NA,NA,NA,NA,NA,NA,NA,Mittwoch,2,337,363
4445114986,2016-05-11,NA,NA,NA,NA,NA,NA,NA,NA,NA,NA,NA,NA,NA,Mittwoch,1,499,530
4702921684,2016-04-13,NA,NA,NA,NA,NA,NA,NA,NA,NA,NA,NA,NA,NA,Mittwoch,2,400,430
4702921684,2016-04-20,NA,NA,NA,NA,NA,NA,NA,NA,NA,NA,NA,NA,NA,Mittwoch,1,454,468
4702921684,2016-04-27,NA,NA,NA,NA,NA,NA,NA,NA,NA,NA,NA,NA,NA,Mittwoch,1,432,449
4702921684,2016-05-04,NA,NA,NA,NA,NA,NA,NA,NA,NA,NA,NA,NA,NA,Mittwoch,1,412,434
4702921684,2016-05-11,NA,NA,NA,NA,NA,NA,NA,NA,NA,NA,NA,NA,NA,Mittwoch,1,354,366
5553957443,2016-04-13,NA,NA,NA,NA,NA,NA,NA,NA,NA,NA,NA,NA,NA,Mittwoch,2,455,488
5553957443,2016-04-20,NA,NA,NA,NA,NA,NA,NA,NA,NA,NA,NA,NA,NA,Mittwoch,1,658,678
5553957443,2016-04-27,NA,NA,NA,NA,NA,NA,NA,NA,NA,NA,NA,NA,NA,Mittwoch,1,347,391
5553957443,2016-05-04,NA,NA,NA,NA,NA,NA,NA,NA,NA,NA,NA,NA,NA,Mittwoch,1,447,470
5553957443,2016-05-11,NA,NA,NA,NA,NA,NA,NA,NA,NA,NA,NA,NA,NA,Mittwoch,1,463,486
5577150313,2016-04-13,NA,NA,NA,NA,NA,NA,NA,NA,NA,NA,NA,NA,NA,Mittwoch,1,432,458
5577150313,2016-04-20,NA,NA,NA,NA,NA,NA,NA,NA,NA,NA,NA,NA,NA,Mittwoch,1,447,480
5577150313,2016-04-27,NA,NA,NA,NA,NA,NA,NA,NA,NA,NA,NA,NA,NA,Mittwoch,1,424,452
5577150313,2016-05-04,NA,NA,NA,NA,NA,NA,NA,NA,NA,NA,NA,NA,NA,Mittwoch,1,603,634
5577150313,2016-05-11,NA,NA,NA,NA,NA,NA,NA,NA,NA,NA,NA,NA,NA,Mittwoch,1,431,476
6117666160,2016-04-20,NA,NA,NA,NA,NA,NA,NA,NA,NA,NA,NA,NA,NA,Mittwoch,1,474,502
6117666160,2016-04-27,NA,NA,NA,NA,NA,NA,NA,NA,NA,NA,NA,NA,NA,Mittwoch,1,542,557
6775888955,2016-04-13,NA,NA,NA,NA,NA,NA,NA,NA,NA,NA,NA,NA,NA,Mittwoch,1,235,260
6962181067,2016-04-13,NA,NA,NA,NA,NA,NA,NA,NA,NA,NA,NA,NA,NA,Mittwoch,3,630,679
6962181067,2016-04-20,NA,NA,NA,NA,NA,NA,NA,NA,NA,NA,NA,NA,NA,Mittwoch,1,418,424
6962181067,2016-04-27,NA,NA,NA,NA,NA,NA,NA,NA,NA,NA,NA,NA,NA,Mittwoch,1,455,467
6962181067,2016-05-04,NA,NA,NA,NA,NA,NA,NA,NA,NA,NA,NA,NA,NA,Mittwoch,1,442,455
6962181067,2016-05-11,NA,NA,NA,NA,NA,NA,NA,NA,NA,NA,NA,NA,NA,Mittwoch,1,452,480
7086361926,2016-04-13,NA,NA,NA,NA,NA,NA,NA,NA,NA,NA,NA,NA,NA,Mittwoch,1,451,465
7086361926,2016-04-20,NA,NA,NA,NA,NA,NA,NA,NA,NA,NA,NA,NA,NA,Mittwoch,1,492,502
7086361926,2016-04-27,NA,NA,NA,NA,NA,NA,NA,NA,NA,NA,NA,NA,NA,Mittwoch,1,469,479
7086361926,2016-05-04,NA,NA,NA,NA,NA,NA,NA,NA,NA,NA,NA,NA,NA,Mittwoch,1,420,436
7086361926,2016-05-11,NA,NA,NA,NA,NA,NA,NA,NA,NA,NA,NA,NA,NA,Mittwoch,1,451,463
8053475328,2016-04-20,NA,NA,NA,NA,NA,NA,NA,NA,NA,NA,NA,NA,NA,Mittwoch,1,486,493
8378563200,2016-04-13,NA,NA,NA,NA,NA,NA,NA,NA,NA,NA,NA,NA,NA,Mittwoch,2,447,487
8378563200,2016-04-20,NA,NA,NA,NA,NA,NA,NA,NA,NA,NA,NA,NA,NA,Mittwoch,1,381,409
8378563200,2016-04-27,NA,NA,NA,NA,NA,NA,NA,NA,NA,NA,NA,NA,NA,Mittwoch,1,531,600
8378563200,2016-05-04,NA,NA,NA,NA,NA,NA,NA,NA,NA,NA,NA,NA,NA,Mittwoch,1,441,477
8378563200,2016-05-11,NA,NA,NA,NA,NA,NA,NA,NA,NA,NA,NA,NA,NA,Mittwoch,1,368,387
8792009665,2016-04-13,NA,NA,NA,NA,NA,NA,NA,NA,NA,NA,NA,NA,NA,Mittwoch,1,531,552
8792009665,2016-04-20,NA,NA,NA,NA,NA,NA,NA,NA,NA,NA,NA,NA,NA,Mittwoch,1,528,547
8792009665,2016-04-27,NA,NA,NA,NA,NA,NA,NA,NA,NA,NA,NA,NA,NA,Mittwoch,1,423,428
8792009665,2016-05-04,NA,NA,NA,NA,NA,NA,NA,NA,NA,NA,NA,NA,NA,Mittwoch,1,439,463
1503960366,2016-03-31,12256,7.8600001335144,7.8600001335144,0,2.28999996185303,0.490000009536743,5.03999996185303,0,33,12,239,820,1889,Donnerstag,NA,NA,NA
1503960366,2016-04-07,10198,6.44000005722046,6.44000005722046,0,1.20000004768372,0.790000021457672,4.44999980926514,0,17,20,195,1208,1755,Donnerstag,NA,NA,NA
1624580081,2016-03-31,4506,2.9300000667572,2.9300000667572,0,0.509999990463257,0.270000010728836,2.15000009536743,0.00999999977648258,7,4,144,1285,1498,Donnerstag,NA,NA,NA
1624580081,2016-04-07,1111,0.720000028610229,0.720000028610229,0,0,0,0.720000028610229,0,0,0,54,1386,1278,Donnerstag,NA,NA,NA
1644430081,2016-04-07,11166,8.11999988555908,8.11999988555908,0,0.209999993443489,2.41000008583069,5.5,0,3,58,230,1149,3202,Donnerstag,NA,NA,NA
1844505072,2016-04-07,6344,4.19000005722046,4.19000005722046,0,0,0,4.19000005722046,0,0,0,290,1150,1965,Donnerstag,NA,NA,NA
1927972279,2016-04-07,768,0.529999971389771,0.529999971389771,0,0,0,0.529999971389771,0,0,0,43,1397,2130,Donnerstag,NA,NA,NA
2022484408,2016-04-07,18247,13.8299999237061,13.8299999237061,0,7.1100001335144,2.21000003814697,4.51000022888184,0,72,62,252,1054,3021,Donnerstag,NA,NA,NA
2026352035,2016-04-07,2767,1.72000002861023,1.72000002861023,0,0,0,1.72000002861023,0,0,0,170,673,1392,Donnerstag,NA,NA,NA
2320127002,2016-04-07,1846,1.24000000953674,1.24000000953674,0,0,0,1.24000000953674,0,0,0,93,1347,1508,Donnerstag,NA,NA,NA
2347167796,2016-03-31,6760,4.46999979019165,4.46999979019165,0,0,0,4.46999979019165,0,0,0,250,613,1929,Donnerstag,NA,NA,NA
2347167796,2016-04-07,10320,6.84999990463257,6.84999990463257,0,0.680000007152557,1.23000001907349,4.94000005722046,0,15,32,315,1002,2338,Donnerstag,NA,NA,NA
2873212765,2016-04-07,9353,6.30999994277954,6.30999994277954,0,0.370000004768372,0.689999997615814,5.23999977111816,0,5,17,363,1055,2035,Donnerstag,NA,NA,NA
2891001357,2016-03-31,0,0,0,0,0,0,0,0,0,0,0,1440,1920,Donnerstag,NA,NA,NA
3372868164,2016-04-07,7392,5.09999990463257,5.09999990463257,0,0.870000004768372,0.159999996423721,4.05000019073486,0.0199999995529652,14,9,332,1085,2038,Donnerstag,NA,NA,NA
3977333714,2016-04-07,8422,5.63000011444092,5.63000011444092,0,0,3.59999990463257,2.03999996185303,0,0,81,139,815,1431,Donnerstag,NA,NA,NA
4020332650,2016-03-17,8940,6.40999984741211,6.40999984741211,0,0,0,0.610000014305115,0.0399999991059303,0,0,47,986,3706,Donnerstag,NA,NA,NA
4020332650,2016-03-24,1951,1.4099999666214,1.4099999666214,0,0,0,0,0,0,0,0,1440,1980,Donnerstag,NA,NA,NA
4020332650,2016-03-31,7428,5.32999992370605,5.32999992370605,0,0.870000004768372,0.920000016689301,3.50999999046326,0,18,33,261,860,3439,Donnerstag,NA,NA,NA
4020332650,2016-04-07,6581,4.71999979019165,4.71999979019165,0,0,0.28999999165535,4.3899998664856,0,0,8,241,1191,3032,Donnerstag,NA,NA,NA
4057192912,2016-03-17,0,0,0,0,0,0,0,0,0,0,0,1440,1776,Donnerstag,NA,NA,NA
4057192912,2016-03-24,7,0.00999999977648258,0.00999999977648258,0,0,0,0.00999999977648258,0,0,0,1,1439,1787,Donnerstag,NA,NA,NA
4057192912,2016-03-31,0,0,0,0,0,0,0,0,0,0,0,1440,1776,Donnerstag,NA,NA,NA
4057192912,2016-04-07,4,0,0,0,0,0,0,0,0,0,1,1439,1778,Donnerstag,NA,NA,NA
4319703577,2016-03-31,8144,5.46000003814697,5.46000003814697,0,0.25,0.610000014305115,4.6100001335144,0,4,17,247,1125,2129,Donnerstag,NA,NA,NA
4319703577,2016-04-07,9130,6.15000009536743,6.15000009536743,0,0.5,0.379999995231628,5.26999998092651,0,7,11,304,668,2236,Donnerstag,NA,NA,NA
4388161847,2016-03-31,0,0,0,0,0,0,0,0,0,0,0,1440,1878,Donnerstag,NA,NA,NA
4445114986,2016-03-31,4804,3.22000002861023,3.22000002861023,0,0,0,3.22000002861023,0,0,0,238,786,2227,Donnerstag,NA,NA,NA
4445114986,2016-04-07,6667,4.6100001335144,4.6100001335144,0,2.01999998092651,0.0500000007450581,2.54999995231628,0,24,1,208,939,2335,Donnerstag,NA,NA,NA
4558609924,2016-04-07,7998,5.28999996185303,5.28999996185303,0,0.509999990463257,0.25,4.53000020980835,0,27,12,296,1105,2235,Donnerstag,NA,NA,NA
4702921684,2016-03-31,6963,5.65000009536743,5.65000009536743,0,0,0,5.65000009536743,0,0,0,256,759,2895,Donnerstag,NA,NA,NA
4702921684,2016-04-07,6585,5.34000015258789,5.34000015258789,0,0,0,5.34000015258789,0,0,0,210,770,2822,Donnerstag,NA,NA,NA
5553957443,2016-04-07,15444,10.0799999237061,10.0799999237061,0,3.26999998092651,1.73000001907349,5.07999992370605,0,51,39,243,731,2249,Donnerstag,NA,NA,NA
5577150313,2016-04-07,4499,3.35999989509583,3.35999989509583,0,0.889999985694885,0.259999990463257,2.21000003814697,0,31,11,146,756,2775,Donnerstag,NA,NA,NA
6117666160,2016-04-07,4853,3.66000008583069,3.66000008583069,0,0,0,3.66000008583069,0,0,0,156,770,1903,Donnerstag,NA,NA,NA
6290855005,2016-04-07,0,0,0,0,0,0,0,0,0,0,0,1440,2060,Donnerstag,NA,NA,NA
6391747486,2016-04-07,0,0,0,0,0,0,0,0,0,0,0,1440,1822,Donnerstag,NA,NA,NA
6775888955,2016-04-07,13987,10.0299997329712,10.0299997329712,0,2.86999988555908,3.33999991416931,3.8199999332428,0,46,114,250,739,3856,Donnerstag,NA,NA,NA
6962181067,2016-03-31,14097,9.31999969482422,9.31999969482422,0,3.5,1.91999995708466,3.90000009536743,0,50,32,234,595,2188,Donnerstag,NA,NA,NA
6962181067,2016-04-07,13417,9.64999961853027,8.86999988555908,1.92630195617676,3.39000010490417,1.25,4.90999984741211,0.100000001490116,45,16,284,665,2244,Donnerstag,NA,NA,NA
7007744171,2016-04-07,14100,10.5799999237061,9.43000030517578,4.87598991394043,5.09999990463257,1.19000005722046,4.28000020980835,0,61,33,265,1015,2840,Donnerstag,NA,NA,NA
7086361926,2016-04-07,14604,10.8199996948242,10.8199996948242,0,7.23000001907349,1.12000000476837,2.4300000667572,0.0299999993294477,76,30,127,695,2862,Donnerstag,NA,NA,NA
8053475328,2016-04-07,17078,13.1999998092651,13.1999998092651,0,9.97000026702881,0.239999994635582,2.99000000953674,0,101,6,190,1143,3176,Donnerstag,NA,NA,NA
8253242879,2016-04-07,5181,3.42000007629395,3.42000007629395,0,1,0.910000026226044,1.50999999046326,0.00999999977648258,15,15,107,1303,1776,Donnerstag,NA,NA,NA
8378563200,2016-04-07,9725,7.71000003814697,7.71000003814697,2.25308108329773,2.41000008583069,0.529999971389771,4.76999998092651,0,83,11,181,670,3839,Donnerstag,NA,NA,NA
8583815059,2016-04-07,2816,2.20000004768372,2.20000004768372,0,0,0,2.20000004768372,0,0,0,138,1302,2437,Donnerstag,NA,NA,NA
8792009665,2016-04-07,1291,0.829999983310699,0.829999983310699,0,0,0,0.829999983310699,0,0,0,77,888,1961,Donnerstag,NA,NA,NA
8877689391,2016-04-07,10910,8.42000007629395,8.42000007629395,0,2.96000003814697,0.389999985694885,5.03000020980835,0,32,11,212,1185,2947,Donnerstag,NA,NA,NA
1503960366,2016-04-21,NA,NA,NA,NA,NA,NA,NA,NA,NA,NA,NA,NA,NA,Donnerstag,1,325,364
1503960366,2016-04-28,NA,NA,NA,NA,NA,NA,NA,NA,NA,NA,NA,NA,NA,Donnerstag,1,366,393
1503960366,2016-05-05,NA,NA,NA,NA,NA,NA,NA,NA,NA,NA,NA,NA,NA,Donnerstag,1,247,264
1927972279,2016-04-28,NA,NA,NA,NA,NA,NA,NA,NA,NA,NA,NA,NA,NA,Donnerstag,1,166,178
2026352035,2016-04-14,NA,NA,NA,NA,NA,NA,NA,NA,NA,NA,NA,NA,NA,Donnerstag,1,545,568
2026352035,2016-04-21,NA,NA,NA,NA,NA,NA,NA,NA,NA,NA,NA,NA,NA,Donnerstag,1,477,514
2026352035,2016-04-28,NA,NA,NA,NA,NA,NA,NA,NA,NA,NA,NA,NA,NA,Donnerstag,1,513,545
2026352035,2016-05-05,NA,NA,NA,NA,NA,NA,NA,NA,NA,NA,NA,NA,NA,Donnerstag,1,468,485
2026352035,2016-05-12,NA,NA,NA,NA,NA,NA,NA,NA,NA,NA,NA,NA,NA,Donnerstag,1,456,485
2347167796,2016-04-14,NA,NA,NA,NA,NA,NA,NA,NA,NA,NA,NA,NA,NA,Donnerstag,1,445,489
2347167796,2016-04-21,NA,NA,NA,NA,NA,NA,NA,NA,NA,NA,NA,NA,NA,Donnerstag,1,460,484
2347167796,2016-04-28,NA,NA,NA,NA,NA,NA,NA,NA,NA,NA,NA,NA,NA,Donnerstag,1,408,450
3977333714,2016-04-14,NA,NA,NA,NA,NA,NA,NA,NA,NA,NA,NA,NA,NA,Donnerstag,1,291,397
3977333714,2016-04-21,NA,NA,NA,NA,NA,NA,NA,NA,NA,NA,NA,NA,NA,Donnerstag,1,332,512
3977333714,2016-04-28,NA,NA,NA,NA,NA,NA,NA,NA,NA,NA,NA,NA,NA,Donnerstag,1,261,423
3977333714,2016-05-05,NA,NA,NA,NA,NA,NA,NA,NA,NA,NA,NA,NA,NA,Donnerstag,1,318,480
4020332650,2016-05-05,NA,NA,NA,NA,NA,NA,NA,NA,NA,NA,NA,NA,NA,Donnerstag,1,226,248
4319703577,2016-04-14,NA,NA,NA,NA,NA,NA,NA,NA,NA,NA,NA,NA,NA,Donnerstag,1,535,557
4319703577,2016-04-21,NA,NA,NA,NA,NA,NA,NA,NA,NA,NA,NA,NA,NA,Donnerstag,1,59,65
4319703577,2016-04-28,NA,NA,NA,NA,NA,NA,NA,NA,NA,NA,NA,NA,NA,Donnerstag,1,497,522
4319703577,2016-05-12,NA,NA,NA,NA,NA,NA,NA,NA,NA,NA,NA,NA,NA,Donnerstag,1,302,321
4388161847,2016-04-21,NA,NA,NA,NA,NA,NA,NA,NA,NA,NA,NA,NA,NA,Donnerstag,1,442,458
4388161847,2016-04-28,NA,NA,NA,NA,NA,NA,NA,NA,NA,NA,NA,NA,NA,Donnerstag,1,428,458
4388161847,2016-05-05,NA,NA,NA,NA,NA,NA,NA,NA,NA,NA,NA,NA,NA,Donnerstag,1,471,495
4445114986,2016-04-14,NA,NA,NA,NA,NA,NA,NA,NA,NA,NA,NA,NA,NA,Donnerstag,1,441,492
4445114986,2016-04-21,NA,NA,NA,NA,NA,NA,NA,NA,NA,NA,NA,NA,NA,Donnerstag,1,436,469
4445114986,2016-04-28,NA,NA,NA,NA,NA,NA,NA,NA,NA,NA,NA,NA,NA,Donnerstag,1,419,442
4445114986,2016-05-05,NA,NA,NA,NA,NA,NA,NA,NA,NA,NA,NA,NA,NA,Donnerstag,2,462,513
4445114986,2016-05-12,NA,NA,NA,NA,NA,NA,NA,NA,NA,NA,NA,NA,NA,Donnerstag,1,483,501
4558609924,2016-04-21,NA,NA,NA,NA,NA,NA,NA,NA,NA,NA,NA,NA,NA,Donnerstag,1,126,137
4702921684,2016-04-14,NA,NA,NA,NA,NA,NA,NA,NA,NA,NA,NA,NA,NA,Donnerstag,1,384,415
4702921684,2016-04-21,NA,NA,NA,NA,NA,NA,NA,NA,NA,NA,NA,NA,NA,Donnerstag,1,425,434
4702921684,2016-04-28,NA,NA,NA,NA,NA,NA,NA,NA,NA,NA,NA,NA,NA,Donnerstag,1,442,461
4702921684,2016-05-05,NA,NA,NA,NA,NA,NA,NA,NA,NA,NA,NA,NA,NA,Donnerstag,1,414,428
4702921684,2016-05-12,NA,NA,NA,NA,NA,NA,NA,NA,NA,NA,NA,NA,NA,Donnerstag,1,404,442
5553957443,2016-04-14,NA,NA,NA,NA,NA,NA,NA,NA,NA,NA,NA,NA,NA,Donnerstag,1,357,418
5553957443,2016-04-21,NA,NA,NA,NA,NA,NA,NA,NA,NA,NA,NA,NA,NA,Donnerstag,1,399,431
5553957443,2016-04-28,NA,NA,NA,NA,NA,NA,NA,NA,NA,NA,NA,NA,NA,Donnerstag,1,421,457
5553957443,2016-05-05,NA,NA,NA,NA,NA,NA,NA,NA,NA,NA,NA,NA,NA,Donnerstag,1,419,464
5553957443,2016-05-12,NA,NA,NA,NA,NA,NA,NA,NA,NA,NA,NA,NA,NA,Donnerstag,1,438,475
5577150313,2016-04-14,NA,NA,NA,NA,NA,NA,NA,NA,NA,NA,NA,NA,NA,Donnerstag,1,477,497
5577150313,2016-04-21,NA,NA,NA,NA,NA,NA,NA,NA,NA,NA,NA,NA,NA,Donnerstag,1,414,437
5577150313,2016-04-28,NA,NA,NA,NA,NA,NA,NA,NA,NA,NA,NA,NA,NA,Donnerstag,1,361,372
5577150313,2016-05-05,NA,NA,NA,NA,NA,NA,NA,NA,NA,NA,NA,NA,NA,Donnerstag,1,74,78
6117666160,2016-04-21,NA,NA,NA,NA,NA,NA,NA,NA,NA,NA,NA,NA,NA,Donnerstag,1,508,550
6117666160,2016-04-28,NA,NA,NA,NA,NA,NA,NA,NA,NA,NA,NA,NA,NA,Donnerstag,1,393,416
6117666160,2016-05-05,NA,NA,NA,NA,NA,NA,NA,NA,NA,NA,NA,NA,NA,Donnerstag,1,392,415
6775888955,2016-04-14,NA,NA,NA,NA,NA,NA,NA,NA,NA,NA,NA,NA,NA,Donnerstag,1,423,441
6962181067,2016-04-14,NA,NA,NA,NA,NA,NA,NA,NA,NA,NA,NA,NA,NA,Donnerstag,2,508,535
6962181067,2016-04-21,NA,NA,NA,NA,NA,NA,NA,NA,NA,NA,NA,NA,NA,Donnerstag,1,451,457
6962181067,2016-04-28,NA,NA,NA,NA,NA,NA,NA,NA,NA,NA,NA,NA,NA,Donnerstag,1,440,453
6962181067,2016-05-05,NA,NA,NA,NA,NA,NA,NA,NA,NA,NA,NA,NA,NA,Donnerstag,1,467,491
6962181067,2016-05-12,NA,NA,NA,NA,NA,NA,NA,NA,NA,NA,NA,NA,NA,Donnerstag,1,516,535
7086361926,2016-04-14,NA,NA,NA,NA,NA,NA,NA,NA,NA,NA,NA,NA,NA,Donnerstag,1,472,476
7086361926,2016-04-21,NA,NA,NA,NA,NA,NA,NA,NA,NA,NA,NA,NA,NA,Donnerstag,1,390,411
7086361926,2016-04-28,NA,NA,NA,NA,NA,NA,NA,NA,NA,NA,NA,NA,NA,Donnerstag,1,354,367
7086361926,2016-05-12,NA,NA,NA,NA,NA,NA,NA,NA,NA,NA,NA,NA,NA,Donnerstag,1,444,457
8378563200,2016-04-14,NA,NA,NA,NA,NA,NA,NA,NA,NA,NA,NA,NA,NA,Donnerstag,1,424,455
8378563200,2016-04-21,NA,NA,NA,NA,NA,NA,NA,NA,NA,NA,NA,NA,NA,Donnerstag,1,396,417
8378563200,2016-04-28,NA,NA,NA,NA,NA,NA,NA,NA,NA,NA,NA,NA,NA,Donnerstag,1,506,556
8378563200,2016-05-05,NA,NA,NA,NA,NA,NA,NA,NA,NA,NA,NA,NA,NA,Donnerstag,1,381,417
8378563200,2016-05-12,NA,NA,NA,NA,NA,NA,NA,NA,NA,NA,NA,NA,NA,Donnerstag,1,496,546
8792009665,2016-04-14,NA,NA,NA,NA,NA,NA,NA,NA,NA,NA,NA,NA,NA,Donnerstag,1,486,503
8792009665,2016-04-28,NA,NA,NA,NA,NA,NA,NA,NA,NA,NA,NA,NA,NA,Donnerstag,1,402,416
1503960366,2016-03-25,11004,7.1100001335144,7.1100001335144,0,2.5699999332428,0.46000000834465,4.07000017166138,0,33,12,205,804,1819,Freitag,NA,NA,NA
1503960366,2016-04-01,12262,7.86999988555908,7.86999988555908,0,3.3199999332428,0.829999983310699,3.64000010490417,0,47,21,200,866,1868,Freitag,NA,NA,NA
1503960366,2016-04-08,12521,7.94000005722046,7.94000005722046,0,3.30999994277954,0.899999976158142,3.74000000953674,0,46,22,212,1160,1895,Freitag,NA,NA,NA
1624580081,2016-03-25,1810,1.17999994754791,1.17999994754791,0,0,0,1.12999999523163,0.00999999977648258,0,0,121,1319,1373,Freitag,NA,NA,NA
1624580081,2016-04-01,9218,5.98999977111816,5.98999977111816,0,0,0,5.96999979019165,0.00999999977648258,0,0,221,1219,1541,Freitag,NA,NA,NA
1624580081,2016-04-08,6344,4.11999988555908,4.11999988555908,0,0,0,4.09999990463257,0,0,0,143,1297,1409,Freitag,NA,NA,NA
1644430081,2016-04-01,4636,3.41000008583069,3.41000008583069,0,0,0.779999971389771,2.59999990463257,0.0299999993294477,0,16,586,838,3323,Freitag,NA,NA,NA
1644430081,2016-04-08,7842,5.69999980926514,5.69999980926514,0,0.479999989271164,2.41000008583069,2.80999994277954,0,7,43,161,1229,2928,Freitag,NA,NA,NA
1844505072,2016-04-01,6847,4.53000020980835,4.53000020980835,0,0.610000014305115,0.370000004768372,3.54999995231628,0,9,9,251,1171,1969,Freitag,NA,NA,NA
1844505072,2016-04-08,5316,3.50999999046326,3.50999999046326,0,0,0,3.50999999046326,0,0,0,221,1219,1824,Freitag,NA,NA,NA
1927972279,2016-04-01,4317,2.99000000953674,2.99000000953674,0,0,0.370000004768372,2.61999988555908,0,0,11,192,854,2590,Freitag,NA,NA,NA
1927972279,2016-04-08,519,0.360000014305115,0.360000014305115,0,0,0,0.360000014305115,0,0,0,34,1406,2088,Freitag,NA,NA,NA
2022484408,2016-04-01,13603,9.60000038146973,9.60000038146973,0,5.46000003814697,0.629999995231628,3.50999999046326,0,72,16,213,1139,2645,Freitag,NA,NA,NA
2022484408,2016-04-08,13023,9.26000022888184,9.26000022888184,0,3.23000001907349,0.560000002384186,5.46999979019165,0,40,12,296,1092,2577,Freitag,NA,NA,NA
2026352035,2016-04-01,2605,1.62000000476837,1.62000000476837,0,0,0,1.62000000476837,0,0,0,166,729,1407,Freitag,NA,NA,NA
2026352035,2016-04-08,3762,2.32999992370605,2.32999992370605,0,0,0,2.32999992370605,0,0,0,173,719,1425,Freitag,NA,NA,NA
2320127002,2016-04-01,0,0,0,0,0,0,0,0,0,0,0,1440,1324,Freitag,NA,NA,NA
2320127002,2016-04-08,3417,2.29999995231628,2.29999995231628,0,0,0,2.29999995231628,0,0,0,153,1287,1625,Freitag,NA,NA,NA
2347167796,2016-04-01,8328,5.51000022888184,5.51000022888184,0,0,2,3.5,0,0,33,212,804,1935,Freitag,NA,NA,NA
2347167796,2016-04-08,10209,6.75,6.75,0,0.159999996423721,0.349999994039536,6.23000001907349,0,2,6,316,711,2104,Freitag,NA,NA,NA
2873212765,2016-04-01,890,0.600000023841858,0.600000023841858,0,0,0,0.600000023841858,0,0,0,41,1399,1335,Freitag,NA,NA,NA
2873212765,2016-04-08,7157,4.80999994277954,4.80999994277954,0,0,0,4.80999994277954,0,0,0,380,1060,1944,Freitag,NA,NA,NA
2891001357,2016-04-01,0,0,0,4.82803201675415,0,0,0,0,0,660,0,780,4562,Freitag,NA,NA,NA
3372868164,2016-04-01,5785,3.95000004768372,3.95000004768372,0,0,0,3.91000008583069,0.0399999991059303,0,0,311,1129,1852,Freitag,NA,NA,NA
3372868164,2016-04-08,5551,3.78999996185303,3.78999996185303,0,0,0,3.76999998092651,0.00999999977648258,0,0,282,1158,1815,Freitag,NA,NA,NA
3977333714,2016-04-01,4499,3.00999999046326,3.00999999046326,0,0,0,3.00999999046326,0,0,0,168,842,1288,Freitag,NA,NA,NA
3977333714,2016-04-08,10226,6.84000015258789,6.84000015258789,0,0,4.44000005722046,2.40000009536743,0,0,101,174,685,1524,Freitag,NA,NA,NA
4020332650,2016-03-18,368,0.259999990463257,0.259999990463257,0,0,0,0,0,0,0,0,1440,2024,Freitag,NA,NA,NA
4020332650,2016-03-25,5563,3.99000000953674,3.99000000953674,0,0,0,0,0,0,0,0,1440,3681,Freitag,NA,NA,NA
4020332650,2016-04-01,5351,3.83999991416931,3.83999991416931,0,0.620000004768372,0.180000007152557,3.00999999046326,0,15,17,210,748,3338,Freitag,NA,NA,NA
4020332650,2016-04-08,10480,7.51000022888184,7.51000022888184,0,0.409999996423721,1.47000002861023,5.01000022888184,0.0399999991059303,6,37,272,1125,4034,Freitag,NA,NA,NA
4057192912,2016-03-18,949,0.689999997615814,0.689999997615814,0,0,0,0.689999997615814,0,0,0,34,1406,1870,Freitag,NA,NA,NA
4057192912,2016-03-25,0,0,0,0,0,0,0,0,0,0,0,1440,1776,Freitag,NA,NA,NA
4057192912,2016-04-01,0,0,0,0,0,0,0,0,0,0,0,1440,1776,Freitag,NA,NA,NA
4057192912,2016-04-08,8426,6.15999984741211,6.15999984741211,0,0.129999995231628,5.48999977111816,0.540000021457672,0,2,120,25,1293,2360,Freitag,NA,NA,NA
4319703577,2016-04-01,9343,6.26999998092651,6.26999998092651,0,0.959999978542328,0.850000023841858,4.46000003814697,0,14,20,268,654,2216,Freitag,NA,NA,NA
4319703577,2016-04-08,6544,4.40999984741211,4.40999984741211,0,0.28999999165535,0.259999990463257,3.85999989509583,0,4,6,276,1132,2069,Freitag,NA,NA,NA
4388161847,2016-04-01,0,0,0,0,0,0,0,0,0,0,0,1440,1878,Freitag,NA,NA,NA
4445114986,2016-04-01,3271,2.19000005722046,2.19000005722046,0,0,0,2.19000005722046,0,0,0,205,898,2133,Freitag,NA,NA,NA
4445114986,2016-04-08,5543,3.72000002861023,3.72000002861023,0,0,0,3.72000002861023,0,0,0,266,941,2303,Freitag,NA,NA,NA
4558609924,2016-04-01,5336,3.52999997138977,3.52999997138977,0,0,0,3.52999997138977,0,0,0,258,1182,1902,Freitag,NA,NA,NA
4558609924,2016-04-08,4195,2.76999998092651,2.76999998092651,0,0,0,2.76999998092651,0,0,0,241,1199,1778,Freitag,NA,NA,NA
4702921684,2016-04-01,7165,5.80999994277954,5.80999994277954,0,0,0.370000004768372,5.44000005722046,0,0,9,248,708,2923,Freitag,NA,NA,NA
4702921684,2016-04-08,8184,6.6399998664856,6.6399998664856,0,0,0.620000004768372,5.94999980926514,0,0,15,247,808,2981,Freitag,NA,NA,NA
5553957443,2016-04-01,12409,8.10000038146973,8.10000038146973,0,2.90000009536743,0.629999995231628,4.57999992370605,0,51,12,235,782,2142,Freitag,NA,NA,NA
5553957443,2016-04-08,9938,6.48999977111816,6.48999977111816,0,2.14000010490417,1.27999997138977,3.07999992370605,0,38,24,193,767,2019,Freitag,NA,NA,NA
5577150313,2016-04-01,10461,7.86999988555908,7.86999988555908,0,4.76000022888184,0.850000023841858,2.25,0,99,31,142,721,3625,Freitag,NA,NA,NA
5577150313,2016-04-08,4363,3.25999999046326,3.25999999046326,0,0.129999995231628,0.0599999986588955,3.07999992370605,0,8,2,156,813,2486,Freitag,NA,NA,NA
6117666160,2016-04-01,7444,5.61999988555908,5.61999988555908,0,0,0,5.61999988555908,0,0,0,286,568,2210,Freitag,NA,NA,NA
6117666160,2016-04-08,8955,6.76000022888184,6.76000022888184,0,0,0,6.73000001907349,0,0,0,422,1018,2482,Freitag,NA,NA,NA
6290855005,2016-04-01,6633,5.01000022888184,5.01000022888184,0,0,0,5.01000022888184,0,0,0,280,1160,2778,Freitag,NA,NA,NA
6290855005,2016-04-08,0,0,0,0,0,0,0,0,0,0,0,1440,2060,Freitag,NA,NA,NA
6391747486,2016-04-01,0,0,0,0,0,0,0,0,0,0,0,1440,1820,Freitag,NA,NA,NA
6391747486,2016-04-08,0,0,0,0,0,0,0,0,0,0,0,1440,1820,Freitag,NA,NA,NA
6775888955,2016-04-01,7225,5.17999982833862,5.17999982833862,0,1.73000001907349,1.26999998092651,2.1800000667572,0,25,50,163,1189,3065,Freitag,NA,NA,NA
6775888955,2016-04-08,4131,2.96000003814697,2.96000003814697,0,1.37000000476837,0.610000014305115,0.980000019073486,0,27,30,75,1308,2584,Freitag,NA,NA,NA
6962181067,2016-04-01,10467,6.98000001907349,6.98000001907349,0,0.699999988079071,2.4300000667572,3.84999990463257,0,9,45,252,602,2014,Freitag,NA,NA,NA
6962181067,2016-04-08,14400,10.8800001144409,9.52000045776367,5.45686388015747,2.47000002861023,2.88000011444092,5.53000020980835,0,27,37,276,697,2188,Freitag,NA,NA,NA
7007744171,2016-04-01,11680,9.0600004196167,7.80999994277954,4.901282787323,4.48999977111816,0.330000013113022,4.23999977111816,0,50,7,244,1139,2573,Freitag,NA,NA,NA
7007744171,2016-04-08,12627,9.64999961853027,8.44999980926514,4.84231996536255,4.69999980926514,0.740000009536743,4.21000003814697,0,54,22,301,1063,2871,Freitag,NA,NA,NA
7086361926,2016-04-01,11463,7.67000007629395,7.67000007629395,0,2.82999992370605,1.88999998569489,2.9300000667572,0,38,30,154,777,2496,Freitag,NA,NA,NA
7086361926,2016-04-08,9634,6.51999998092651,6.51999998092651,0,2.5,1.39999997615814,2.58999991416931,0,50,48,140,797,2752,Freitag,NA,NA,NA
8053475328,2016-04-08,11693,9.53999996185303,9.53999996185303,0,6.76999998092651,0.259999990463257,2.5,0,60,6,153,1221,2790,Freitag,NA,NA,NA
8253242879,2016-04-01,0,0,0,0,0,0,0,0,0,0,0,1440,1429,Freitag,NA,NA,NA
8253242879,2016-04-08,12026,9.14999961853027,9.14999961853027,0,5.69999980926514,0.930000007152557,2.50999999046326,0,47,13,150,1230,2162,Freitag,NA,NA,NA
8378563200,2016-04-01,14179,11.2399997711182,11.2399997711182,0,6.23000001907349,1.05999994277954,3.96000003814697,0,73,21,195,719,3669,Freitag,NA,NA,NA
8378563200,2016-04-08,8350,6.61999988555908,6.61999988555908,2.0921471118927,1.49000000953674,0.529999971389771,4.6100001335144,0,72,10,167,868,3713,Freitag,NA,NA,NA
8583815059,2016-04-01,2174,1.70000004768372,1.70000004768372,0,0,0,1.70000004768372,0,0,0,112,1328,2360,Freitag,NA,NA,NA
8583815059,2016-04-08,1408,1.10000002384186,1.10000002384186,0,0,0,1.10000002384186,0,0,0,79,1052,1814,Freitag,NA,NA,NA
8792009665,2016-04-01,4592,2.94000005722046,2.94000005722046,0,0.100000001490116,0.140000000596046,2.70000004768372,0,4,8,176,748,2260,Freitag,NA,NA,NA
8792009665,2016-04-08,1467,0.939999997615814,0.939999997615814,0,0.100000001490116,0.209999993443489,0.629999995231628,0,2,8,71,912,1953,Freitag,NA,NA,NA
8877689391,2016-04-01,18700,15.8199996948242,15.8199996948242,0,8.69999980926514,0.159999996423721,6.90999984741211,0,67,3,247,1123,3527,Freitag,NA,NA,NA
8877689391,2016-04-08,23014,20.3899993896484,20.3899993896484,0,11.1000003814697,0.629999995231628,8.61999988555908,0,70,29,359,982,4196,Freitag,NA,NA,NA
1503960366,2016-04-15,NA,NA,NA,NA,NA,NA,NA,NA,NA,NA,NA,NA,NA,Freitag,1,412,442
1503960366,2016-04-29,NA,NA,NA,NA,NA,NA,NA,NA,NA,NA,NA,NA,NA,Freitag,1,341,354
1503960366,2016-05-06,NA,NA,NA,NA,NA,NA,NA,NA,NA,NA,NA,NA,NA,Freitag,1,334,367
1644430081,2016-04-29,NA,NA,NA,NA,NA,NA,NA,NA,NA,NA,NA,NA,NA,Freitag,1,119,127
1844505072,2016-04-15,NA,NA,NA,NA,NA,NA,NA,NA,NA,NA,NA,NA,NA,Freitag,1,644,961
1927972279,2016-04-15,NA,NA,NA,NA,NA,NA,NA,NA,NA,NA,NA,NA,NA,Freitag,2,475,499
2026352035,2016-04-15,NA,NA,NA,NA,NA,NA,NA,NA,NA,NA,NA,NA,NA,Freitag,1,523,573
2026352035,2016-04-22,NA,NA,NA,NA,NA,NA,NA,NA,NA,NA,NA,NA,NA,Freitag,1,520,545
2026352035,2016-04-29,NA,NA,NA,NA,NA,NA,NA,NA,NA,NA,NA,NA,NA,Freitag,1,490,510
2026352035,2016-05-06,NA,NA,NA,NA,NA,NA,NA,NA,NA,NA,NA,NA,NA,Freitag,1,524,548
2347167796,2016-04-15,NA,NA,NA,NA,NA,NA,NA,NA,NA,NA,NA,NA,NA,Freitag,1,452,504
2347167796,2016-04-22,NA,NA,NA,NA,NA,NA,NA,NA,NA,NA,NA,NA,NA,Freitag,1,405,461
2347167796,2016-04-29,NA,NA,NA,NA,NA,NA,NA,NA,NA,NA,NA,NA,NA,Freitag,1,411,473
3977333714,2016-04-15,NA,NA,NA,NA,NA,NA,NA,NA,NA,NA,NA,NA,NA,Freitag,1,424,556
3977333714,2016-04-22,NA,NA,NA,NA,NA,NA,NA,NA,NA,NA,NA,NA,NA,Freitag,1,355,476
3977333714,2016-04-29,NA,NA,NA,NA,NA,NA,NA,NA,NA,NA,NA,NA,NA,Freitag,1,333,478
3977333714,2016-05-06,NA,NA,NA,NA,NA,NA,NA,NA,NA,NA,NA,NA,NA,Freitag,1,323,512
4020332650,2016-05-06,NA,NA,NA,NA,NA,NA,NA,NA,NA,NA,NA,NA,NA,Freitag,1,385,408
4319703577,2016-04-15,NA,NA,NA,NA,NA,NA,NA,NA,NA,NA,NA,NA,NA,Freitag,1,465,491
4319703577,2016-04-22,NA,NA,NA,NA,NA,NA,NA,NA,NA,NA,NA,NA,NA,Freitag,1,533,550
4319703577,2016-04-29,NA,NA,NA,NA,NA,NA,NA,NA,NA,NA,NA,NA,NA,Freitag,1,523,546
4319703577,2016-05-06,NA,NA,NA,NA,NA,NA,NA,NA,NA,NA,NA,NA,NA,Freitag,1,450,491
4388161847,2016-04-15,NA,NA,NA,NA,NA,NA,NA,NA,NA,NA,NA,NA,NA,Freitag,1,499,526
4388161847,2016-04-22,NA,NA,NA,NA,NA,NA,NA,NA,NA,NA,NA,NA,NA,Freitag,1,82,85
4445114986,2016-04-15,NA,NA,NA,NA,NA,NA,NA,NA,NA,NA,NA,NA,NA,Freitag,2,337,379
4445114986,2016-04-22,NA,NA,NA,NA,NA,NA,NA,NA,NA,NA,NA,NA,NA,Freitag,1,388,417
4445114986,2016-04-29,NA,NA,NA,NA,NA,NA,NA,NA,NA,NA,NA,NA,NA,Freitag,1,106,108
4445114986,2016-05-06,NA,NA,NA,NA,NA,NA,NA,NA,NA,NA,NA,NA,NA,Freitag,2,374,402
4558609924,2016-04-29,NA,NA,NA,NA,NA,NA,NA,NA,NA,NA,NA,NA,NA,Freitag,1,171,179
4702921684,2016-04-15,NA,NA,NA,NA,NA,NA,NA,NA,NA,NA,NA,NA,NA,Freitag,1,253,257
4702921684,2016-04-29,NA,NA,NA,NA,NA,NA,NA,NA,NA,NA,NA,NA,NA,Freitag,1,433,447
4702921684,2016-05-06,NA,NA,NA,NA,NA,NA,NA,NA,NA,NA,NA,NA,NA,Freitag,1,404,449
5553957443,2016-04-15,NA,NA,NA,NA,NA,NA,NA,NA,NA,NA,NA,NA,NA,Freitag,1,377,409
5553957443,2016-04-22,NA,NA,NA,NA,NA,NA,NA,NA,NA,NA,NA,NA,NA,Freitag,1,322,353
5553957443,2016-04-29,NA,NA,NA,NA,NA,NA,NA,NA,NA,NA,NA,NA,NA,Freitag,1,450,495
5553957443,2016-05-06,NA,NA,NA,NA,NA,NA,NA,NA,NA,NA,NA,NA,NA,Freitag,1,400,434
5577150313,2016-04-15,NA,NA,NA,NA,NA,NA,NA,NA,NA,NA,NA,NA,NA,Freitag,1,392,413
5577150313,2016-04-22,NA,NA,NA,NA,NA,NA,NA,NA,NA,NA,NA,NA,NA,Freitag,1,338,366
5577150313,2016-04-29,NA,NA,NA,NA,NA,NA,NA,NA,NA,NA,NA,NA,NA,Freitag,1,459,485
6117666160,2016-04-22,NA,NA,NA,NA,NA,NA,NA,NA,NA,NA,NA,NA,NA,Freitag,1,480,546
6117666160,2016-04-29,NA,NA,NA,NA,NA,NA,NA,NA,NA,NA,NA,NA,NA,Freitag,1,600,636
6117666160,2016-05-06,NA,NA,NA,NA,NA,NA,NA,NA,NA,NA,NA,NA,NA,Freitag,2,658,698
6775888955,2016-04-15,NA,NA,NA,NA,NA,NA,NA,NA,NA,NA,NA,NA,NA,Freitag,1,391,406
6962181067,2016-04-15,NA,NA,NA,NA,NA,NA,NA,NA,NA,NA,NA,NA,NA,Freitag,1,370,386
6962181067,2016-04-22,NA,NA,NA,NA,NA,NA,NA,NA,NA,NA,NA,NA,NA,Freitag,1,425,435
6962181067,2016-04-29,NA,NA,NA,NA,NA,NA,NA,NA,NA,NA,NA,NA,NA,Freitag,1,433,447
6962181067,2016-05-06,NA,NA,NA,NA,NA,NA,NA,NA,NA,NA,NA,NA,NA,Freitag,1,443,462
7086361926,2016-04-15,NA,NA,NA,NA,NA,NA,NA,NA,NA,NA,NA,NA,NA,Freitag,1,377,386
7086361926,2016-04-22,NA,NA,NA,NA,NA,NA,NA,NA,NA,NA,NA,NA,NA,Freitag,1,428,448
7086361926,2016-05-06,NA,NA,NA,NA,NA,NA,NA,NA,NA,NA,NA,NA,NA,Freitag,1,322,333
8378563200,2016-04-15,NA,NA,NA,NA,NA,NA,NA,NA,NA,NA,NA,NA,NA,Freitag,1,513,533
8378563200,2016-04-22,NA,NA,NA,NA,NA,NA,NA,NA,NA,NA,NA,NA,NA,Freitag,1,441,469
8378563200,2016-04-29,NA,NA,NA,NA,NA,NA,NA,NA,NA,NA,NA,NA,NA,Freitag,1,527,562
8378563200,2016-05-06,NA,NA,NA,NA,NA,NA,NA,NA,NA,NA,NA,NA,NA,Freitag,1,323,355
8792009665,2016-04-15,NA,NA,NA,NA,NA,NA,NA,NA,NA,NA,NA,NA,NA,Freitag,1,363,377
8792009665,2016-04-22,NA,NA,NA,NA,NA,NA,NA,NA,NA,NA,NA,NA,NA,Freitag,1,391,407
8792009665,2016-04-29,NA,NA,NA,NA,NA,NA,NA,NA,NA,NA,NA,NA,NA,Freitag,1,398,406
1503960366,2016-03-26,17609,11.5500001907349,11.5500001907349,0,6.92000007629395,0.730000019073486,3.91000008583069,0,89,17,274,588,2154,Samstag,NA,NA,NA
1503960366,2016-04-02,11248,7.25,7.25,0,3,0.449999988079071,3.74000000953674,0,40,11,244,636,1843,Samstag,NA,NA,NA
1503960366,2016-04-09,12432,8.10000038146973,8.10000038146973,0,2.58999991416931,0.589999973773956,4.92000007629395,0,32,15,248,738,1883,Samstag,NA,NA,NA
1624580081,2016-03-26,815,0.529999971389771,0.529999971389771,0,0,0,0.529999971389771,0,0,0,47,1393,1264,Samstag,NA,NA,NA
1624580081,2016-04-02,1556,1.00999999046326,1.00999999046326,0,0,0,1.00999999046326,0.00999999977648258,0,0,88,1352,1327,Samstag,NA,NA,NA
1624580081,2016-04-09,3572,2.3199999332428,2.3199999332428,0,0,0,2.28999996185303,0.0299999993294477,0,0,122,1318,1370,Samstag,NA,NA,NA
1644430081,2016-04-02,20237,14.710000038147,14.710000038147,0,2.5699999332428,6.40000009536743,5.73000001907349,0.00999999977648258,34,141,347,918,4029,Samstag,NA,NA,NA
1644430081,2016-04-09,13840,10.0600004196167,10.0600004196167,0,1.30999994277954,3.72000002861023,5.03000020980835,0,18,81,192,1149,3290,Samstag,NA,NA,NA
1844505072,2016-04-02,5367,3.54999995231628,3.54999995231628,0,0,0,3.54999995231628,0,0,0,263,1177,1889,Samstag,NA,NA,NA
1844505072,2016-04-09,4979,3.28999996185303,3.28999996185303,0,0,0,3.28999996185303,0,0,0,184,620,1807,Samstag,NA,NA,NA
1927972279,2016-04-02,5662,3.92000007629395,3.92000007629395,0,0,0,3.92000007629395,0,0,0,267,858,2783,Samstag,NA,NA,NA
1927972279,2016-04-09,2523,1.75,1.75,0,0,0.370000004768372,1.37999999523163,0,0,9,134,1250,2443,Samstag,NA,NA,NA
2022484408,2016-04-02,5477,3.83999991416931,3.83999991416931,0,0,0,3.83999991416931,0,0,0,237,1203,2040,Samstag,NA,NA,NA
2022484408,2016-04-09,16267,12.5900001525879,12.5900001525879,0,5.75,0.469999998807907,6.36999988555908,0,44,16,302,1078,2811,Samstag,NA,NA,NA
2026352035,2016-04-02,1229,0.759999990463257,0.759999990463257,0,0,0,0.759999990463257,0,0,0,69,795,1237,Samstag,NA,NA,NA
2026352035,2016-04-09,3098,1.91999995708466,1.91999995708466,0,0,0,1.91999995708466,0,0,0,185,700,1413,Samstag,NA,NA,NA
2320127002,2016-04-02,0,0,0,0,0,0,0,0,0,0,0,1440,1324,Samstag,NA,NA,NA
2320127002,2016-04-09,4863,3.27999997138977,3.27999997138977,0,0.0599999986588955,0.419999986886978,2.79999995231628,0,1,11,208,1220,1772,Samstag,NA,NA,NA
2347167796,2016-04-02,15459,10.2200002670288,10.2200002670288,0,3.58999991416931,0.810000002384186,5.82000017166138,0,51,16,327,583,2438,Samstag,NA,NA,NA
2347167796,2016-04-09,16081,10.6300001144409,10.6300001144409,0,1.25,1.82000005245209,7.55999994277954,0,16,32,401,970,2488,Samstag,NA,NA,NA
2873212765,2016-04-02,2214,1.49000000953674,1.49000000953674,0,0,0,1.49000000953674,0,0,0,197,1243,1559,Samstag,NA,NA,NA
2873212765,2016-04-09,14103,9.5600004196167,9.5600004196167,0,3.01999998092651,0.409999996423721,6.1399998664856,0.00999999977648258,46,8,288,1098,2257,Samstag,NA,NA,NA
2891001357,2016-04-02,4126,3.22000002861023,0,3.21868801116943,0,0,3.22000002861023,0,0,0,720,720,2881,Samstag,NA,NA,NA
3372868164,2016-04-02,7625,5.23000001907349,5.23000001907349,0,1.67999994754791,0.0399999991059303,3.5,0.00999999977648258,24,1,341,1074,2069,Samstag,NA,NA,NA
3372868164,2016-04-09,8827,6.25,6.25,0,1.76999998092651,0.479999989271164,4,0.00999999977648258,21,10,346,1063,2062,Samstag,NA,NA,NA
3977333714,2016-04-02,7618,5.09999990463257,5.09999990463257,0,0,0.180000007152557,4.90999984741211,0,0,6,302,842,1490,Samstag,NA,NA,NA
3977333714,2016-04-09,14583,9.76000022888184,9.76000022888184,0,2.48000001907349,1.74000000953674,5.53000020980835,0,35,36,254,697,1697,Samstag,NA,NA,NA
4020332650,2016-03-12,5543,3.97000002861023,3.97000002861023,0,0,0,3.96000003814697,0.00999999977648258,0,0,254,757,2990,Samstag,NA,NA,NA
4020332650,2016-03-19,5702,4.09000015258789,4.09000015258789,0,0,0,0,0,0,0,0,1440,2980,Samstag,NA,NA,NA
4020332650,2016-03-26,4370,3.13000011444092,3.13000011444092,0,0,0,0,0,0,0,0,1440,3444,Samstag,NA,NA,NA
4020332650,2016-04-02,4299,3.09999990463257,3.09999990463257,0,0.0900000035762787,0.209999993443489,2.74000000953674,0.0399999991059303,3,15,162,752,2892,Samstag,NA,NA,NA
4020332650,2016-04-09,7734,5.55000019073486,5.55000019073486,0,1.1599999666214,0.490000009536743,3.8199999332428,0.0599999986588955,20,12,223,1185,3264,Samstag,NA,NA,NA
4057192912,2016-03-12,0,0,0,0,0,0,0,0,0,0,0,1440,1777,Samstag,NA,NA,NA
4057192912,2016-03-19,0,0,0,0,0,0,0,0,0,0,0,1440,1777,Samstag,NA,NA,NA
4057192912,2016-03-26,0,0,0,0,0,0,0,0,0,0,0,1440,1776,Samstag,NA,NA,NA
4057192912,2016-04-02,0,0,0,0,0,0,0,0,0,0,0,1440,1776,Samstag,NA,NA,NA
4057192912,2016-04-09,1650,1.21000003814697,1.21000003814697,0,0,0,1.21000003814697,0,0,0,60,1380,1952,Samstag,NA,NA,NA
4319703577,2016-04-02,8405,5.65999984741211,5.65999984741211,0,1.12999999523163,0.189999997615814,4.34000015258789,0,15,4,257,621,2154,Samstag,NA,NA,NA
4319703577,2016-04-09,0,0,0,0,0,0,0,0,0,0,0,1440,0,Samstag,NA,NA,NA
4388161847,2016-04-02,0,0,0,0,0,0,0,0,0,0,0,1440,1878,Samstag,NA,NA,NA
4445114986,2016-04-02,5406,3.63000011444092,3.63000011444092,0,0,0,3.60999989509583,0,0,0,273,672,2317,Samstag,NA,NA,NA
4445114986,2016-04-09,4195,2.80999994277954,2.80999994277954,0,0,0,2.80999994277954,0,0,0,239,758,2210,Samstag,NA,NA,NA
4558609924,2016-04-02,3183,2.09999990463257,2.09999990463257,0,0,0,2.09999990463257,0,0,0,173,1180,1680,Samstag,NA,NA,NA
4558609924,2016-04-09,5512,3.64000010490417,3.64000010490417,0,0,0,3.64000010490417,0,0,0,276,1164,1882,Samstag,NA,NA,NA
4702921684,2016-04-02,10328,8.38000011444092,8.38000011444092,0,0,1.46000003814697,6.92000007629395,0,0,32,367,475,3323,Samstag,NA,NA,NA
4702921684,2016-04-09,14002,11.3599996566772,11.3599996566772,0,0.610000014305115,2.6800000667572,8.0600004196167,0,8,56,381,407,3597,Samstag,NA,NA,NA
5553957443,2016-04-02,2937,1.91999995708466,1.91999995708466,0,0,0,1.9099999666214,0,0,0,181,356,1615,Samstag,NA,NA,NA
5553957443,2016-04-09,4599,3,3,0,0,0,3,0,0,0,176,578,1692,Samstag,NA,NA,NA
5577150313,2016-04-02,14873,11.1099996566772,11.1099996566772,0,8.1899995803833,0.600000023841858,2.30999994277954,0,202,36,153,663,4430,Samstag,NA,NA,NA
5577150313,2016-04-09,10494,7.84000015258789,7.84000015258789,0,4.90999984741211,0.779999971389771,2.15000009536743,0,123,62,138,601,3817,Samstag,NA,NA,NA
6117666160,2016-04-02,19658,14.8400001525879,14.8400001525879,0,0.239999994635582,2.08999991416931,12.5100002288818,0,3,30,475,466,2884,Samstag,NA,NA,NA
6117666160,2016-04-09,10789,8.14999961853027,8.14999961853027,0,0,0,8.14999961853027,0,0,0,506,413,2617,Samstag,NA,NA,NA
6290855005,2016-04-02,9548,7.21999979019165,7.21999979019165,0,2.01999998092651,3.6800000667572,1.51999998092651,0,25,107,113,1195,3119,Samstag,NA,NA,NA
6290855005,2016-04-09,0,0,0,0,0,0,0,0,0,0,0,1440,2060,Samstag,NA,NA,NA
6391747486,2016-04-02,2101,2.02999997138977,0,2.02777290344238,2.02999997138977,0,0,0,46,0,0,1394,2224,Samstag,NA,NA,NA
6391747486,2016-04-09,0,0,0,0,0,0,0,0,0,0,0,198,251,Samstag,NA,NA,NA
6775888955,2016-04-02,1988,1.42999994754791,1.42999994754791,0,0,0,1.42999994754791,0,0,0,79,909,2207,Samstag,NA,NA,NA
6775888955,2016-04-09,14,0.00999999977648258,0.00999999977648258,0,0,0,0.00999999977648258,0,0,0,1,601,787,Samstag,NA,NA,NA
6962181067,2016-04-02,12437,8.30000019073486,8.30000019073486,0,3.75999999046326,1.28999996185303,3.24000000953674,0,50,24,219,732,2115,Samstag,NA,NA,NA
6962181067,2016-04-09,12495,8.26000022888184,8.26000022888184,0,2.21000003814697,1.0900000333786,4.96000003814697,0,33,19,324,609,2231,Samstag,NA,NA,NA
7007744171,2016-04-02,10976,7.34000015258789,7.34000015258789,0,0.550000011920929,0.670000016689301,6.13000011444092,0,9,16,271,1075,2575,Samstag,NA,NA,NA
7007744171,2016-04-09,10345,6.92000007629395,6.92000007629395,0,0.0700000002980232,0.270000010728836,6.57999992370605,0,2,6,358,1074,2613,Samstag,NA,NA,NA
7086361926,2016-04-02,87,0.0199999995529652,0.0199999995529652,0,0,0,0.00999999977648258,0,0,0,2,872,1641,Samstag,NA,NA,NA
7086361926,2016-04-09,7338,4.67000007629395,4.67000007629395,0,1.08000004291534,0.129999995231628,3.46000003814697,0,27,5,204,717,2519,Samstag,NA,NA,NA
8053475328,2016-04-02,20188,15.6199998855591,15.6199998855591,0,12.0600004196167,0.850000023841858,2.71000003814697,0,124,19,172,1125,3377,Samstag,NA,NA,NA
8053475328,2016-04-09,11159,9.14000034332275,9.14000034332275,0,6.69000005722046,0.25,2.19000005722046,0,59,6,120,1255,2715,Samstag,NA,NA,NA
8253242879,2016-04-02,0,0,0,0,0,0,0,0,0,0,0,1440,1429,Samstag,NA,NA,NA
8253242879,2016-04-09,5360,3.53999996185303,3.53999996185303,0,0.540000021457672,1.54999995231628,1.46000003814697,0,8,28,148,1256,1832,Samstag,NA,NA,NA
8378563200,2016-04-02,3358,2.66000008583069,2.66000008583069,0,0,0,2.66000008583069,0,0,0,144,657,2702,Samstag,NA,NA,NA
8378563200,2016-04-09,2240,1.77999997138977,1.77999997138977,0,0,0,1.77999997138977,0,0,0,110,843,2606,Samstag,NA,NA,NA
8583815059,2016-04-02,3494,2.73000001907349,2.73000001907349,0,0,0,2.69000005722046,0,0,0,166,1274,2517,Samstag,NA,NA,NA
8792009665,2016-04-02,8452,5.40999984741211,5.40999984741211,0,0.259999990463257,0.389999985694885,4.76000022888184,0,9,24,328,1079,3004,Samstag,NA,NA,NA
8792009665,2016-04-09,1022,0.649999976158142,0.649999976158142,0,0,0,0.649999976158142,0,0,0,63,739,1890,Samstag,NA,NA,NA
8877689391,2016-04-02,27572,23.3899993896484,23.3899993896484,0,14.7200002670288,1.21000003814697,7.34000015258789,0.00999999977648258,116,24,260,1040,4220,Samstag,NA,NA,NA
8877689391,2016-04-09,16470,8.06999969482422,8.06999969482422,0,0,0.0199999995529652,8.02000045776367,0,90,9,289,1052,3841,Samstag,NA,NA,NA
1503960366,2016-04-16,NA,NA,NA,NA,NA,NA,NA,NA,NA,NA,NA,NA,NA,Samstag,2,340,367
1503960366,2016-04-23,NA,NA,NA,NA,NA,NA,NA,NA,NA,NA,NA,NA,NA,Samstag,1,361,384
1503960366,2016-04-30,NA,NA,NA,NA,NA,NA,NA,NA,NA,NA,NA,NA,NA,Samstag,1,404,425
1503960366,2016-05-07,NA,NA,NA,NA,NA,NA,NA,NA,NA,NA,NA,NA,NA,Samstag,1,331,349
1644430081,2016-04-30,NA,NA,NA,NA,NA,NA,NA,NA,NA,NA,NA,NA,NA,Samstag,1,124,142
1844505072,2016-04-30,NA,NA,NA,NA,NA,NA,NA,NA,NA,NA,NA,NA,NA,Samstag,1,722,961
2026352035,2016-04-16,NA,NA,NA,NA,NA,NA,NA,NA,NA,NA,NA,NA,NA,Samstag,1,524,567
2026352035,2016-04-23,NA,NA,NA,NA,NA,NA,NA,NA,NA,NA,NA,NA,NA,Samstag,1,522,554
2026352035,2016-04-30,NA,NA,NA,NA,NA,NA,NA,NA,NA,NA,NA,NA,NA,Samstag,1,573,607
2026352035,2016-05-07,NA,NA,NA,NA,NA,NA,NA,NA,NA,NA,NA,NA,NA,Samstag,1,511,521
2320127002,2016-04-23,NA,NA,NA,NA,NA,NA,NA,NA,NA,NA,NA,NA,NA,Samstag,1,61,69
2347167796,2016-04-23,NA,NA,NA,NA,NA,NA,NA,NA,NA,NA,NA,NA,NA,Samstag,1,374,386
3977333714,2016-04-16,NA,NA,NA,NA,NA,NA,NA,NA,NA,NA,NA,NA,NA,Samstag,1,283,510
3977333714,2016-04-23,NA,NA,NA,NA,NA,NA,NA,NA,NA,NA,NA,NA,NA,Samstag,1,235,372
3977333714,2016-04-30,NA,NA,NA,NA,NA,NA,NA,NA,NA,NA,NA,NA,NA,Samstag,1,237,382
3977333714,2016-05-07,NA,NA,NA,NA,NA,NA,NA,NA,NA,NA,NA,NA,NA,Samstag,1,237,443
4020332650,2016-04-16,NA,NA,NA,NA,NA,NA,NA,NA,NA,NA,NA,NA,NA,Samstag,1,77,77
4319703577,2016-04-16,NA,NA,NA,NA,NA,NA,NA,NA,NA,NA,NA,NA,NA,Samstag,1,506,522
4319703577,2016-04-23,NA,NA,NA,NA,NA,NA,NA,NA,NA,NA,NA,NA,NA,Samstag,1,692,722
4319703577,2016-04-30,NA,NA,NA,NA,NA,NA,NA,NA,NA,NA,NA,NA,NA,Samstag,1,490,516
4319703577,2016-05-07,NA,NA,NA,NA,NA,NA,NA,NA,NA,NA,NA,NA,NA,Samstag,1,507,530
4388161847,2016-04-16,NA,NA,NA,NA,NA,NA,NA,NA,NA,NA,NA,NA,NA,Samstag,2,426,448
4388161847,2016-04-23,NA,NA,NA,NA,NA,NA,NA,NA,NA,NA,NA,NA,NA,Samstag,1,478,501
4388161847,2016-04-30,NA,NA,NA,NA,NA,NA,NA,NA,NA,NA,NA,NA,NA,Samstag,2,409,430
4388161847,2016-05-07,NA,NA,NA,NA,NA,NA,NA,NA,NA,NA,NA,NA,NA,Samstag,1,472,496
4445114986,2016-04-16,NA,NA,NA,NA,NA,NA,NA,NA,NA,NA,NA,NA,NA,Samstag,1,462,499
4445114986,2016-04-30,NA,NA,NA,NA,NA,NA,NA,NA,NA,NA,NA,NA,NA,Samstag,1,322,353
4445114986,2016-05-07,NA,NA,NA,NA,NA,NA,NA,NA,NA,NA,NA,NA,NA,Samstag,2,401,436
4702921684,2016-04-16,NA,NA,NA,NA,NA,NA,NA,NA,NA,NA,NA,NA,NA,Samstag,2,382,406
4702921684,2016-04-23,NA,NA,NA,NA,NA,NA,NA,NA,NA,NA,NA,NA,NA,Samstag,1,465,475
4702921684,2016-04-30,NA,NA,NA,NA,NA,NA,NA,NA,NA,NA,NA,NA,NA,Samstag,1,479,501
4702921684,2016-05-07,NA,NA,NA,NA,NA,NA,NA,NA,NA,NA,NA,NA,NA,Samstag,1,520,543
5553957443,2016-04-16,NA,NA,NA,NA,NA,NA,NA,NA,NA,NA,NA,NA,NA,Samstag,2,651,686
5553957443,2016-04-23,NA,NA,NA,NA,NA,NA,NA,NA,NA,NA,NA,NA,NA,Samstag,2,631,725
5553957443,2016-04-30,NA,NA,NA,NA,NA,NA,NA,NA,NA,NA,NA,NA,NA,Samstag,2,775,843
5553957443,2016-05-07,NA,NA,NA,NA,NA,NA,NA,NA,NA,NA,NA,NA,NA,Samstag,1,442,470
5577150313,2016-04-16,NA,NA,NA,NA,NA,NA,NA,NA,NA,NA,NA,NA,NA,Samstag,1,406,445
5577150313,2016-04-23,NA,NA,NA,NA,NA,NA,NA,NA,NA,NA,NA,NA,NA,Samstag,1,384,402
5577150313,2016-04-30,NA,NA,NA,NA,NA,NA,NA,NA,NA,NA,NA,NA,NA,Samstag,1,412,433
6117666160,2016-04-16,NA,NA,NA,NA,NA,NA,NA,NA,NA,NA,NA,NA,NA,Samstag,1,380,398
6117666160,2016-04-23,NA,NA,NA,NA,NA,NA,NA,NA,NA,NA,NA,NA,NA,Samstag,1,492,539
6117666160,2016-05-07,NA,NA,NA,NA,NA,NA,NA,NA,NA,NA,NA,NA,NA,Samstag,2,498,507
6962181067,2016-04-16,NA,NA,NA,NA,NA,NA,NA,NA,NA,NA,NA,NA,NA,Samstag,1,357,366
6962181067,2016-04-23,NA,NA,NA,NA,NA,NA,NA,NA,NA,NA,NA,NA,NA,Samstag,1,528,546
6962181067,2016-04-30,NA,NA,NA,NA,NA,NA,NA,NA,NA,NA,NA,NA,NA,Samstag,1,422,424
6962181067,2016-05-07,NA,NA,NA,NA,NA,NA,NA,NA,NA,NA,NA,NA,NA,Samstag,1,298,334
7007744171,2016-04-16,NA,NA,NA,NA,NA,NA,NA,NA,NA,NA,NA,NA,NA,Samstag,1,79,82
7086361926,2016-04-30,NA,NA,NA,NA,NA,NA,NA,NA,NA,NA,NA,NA,NA,Samstag,1,485,489
7086361926,2016-05-07,NA,NA,NA,NA,NA,NA,NA,NA,NA,NA,NA,NA,NA,Samstag,1,530,548
8053475328,2016-04-23,NA,NA,NA,NA,NA,NA,NA,NA,NA,NA,NA,NA,NA,Samstag,1,331,337
8053475328,2016-05-07,NA,NA,NA,NA,NA,NA,NA,NA,NA,NA,NA,NA,NA,Samstag,1,74,75
8378563200,2016-04-16,NA,NA,NA,NA,NA,NA,NA,NA,NA,NA,NA,NA,NA,Samstag,2,611,689
8378563200,2016-04-23,NA,NA,NA,NA,NA,NA,NA,NA,NA,NA,NA,NA,NA,Samstag,1,565,591
8378563200,2016-04-30,NA,NA,NA,NA,NA,NA,NA,NA,NA,NA,NA,NA,NA,Samstag,1,468,555
8378563200,2016-05-07,NA,NA,NA,NA,NA,NA,NA,NA,NA,NA,NA,NA,NA,Samstag,2,459,513
8792009665,2016-04-23,NA,NA,NA,NA,NA,NA,NA,NA,NA,NA,NA,NA,NA,Samstag,1,339,360
8792009665,2016-04-30,NA,NA,NA,NA,NA,NA,NA,NA,NA,NA,NA,NA,NA,Samstag,1,343,360
1503960366,2016-03-27,12736,8.52999973297119,8.52999973297119,0,4.65999984741211,0.159999996423721,3.71000003814697,0,56,5,268,605,1944,Sonntag,NA,NA,NA
1503960366,2016-04-03,10016,6.36999988555908,6.36999988555908,0,0.910000026226044,1.27999997138977,4.17999982833862,0,15,30,314,655,1850,Sonntag,NA,NA,NA
1503960366,2016-04-10,10057,6.98000001907349,6.98000001907349,0,4,0.490000009536743,2.48000001907349,0,44,13,168,737,1755,Sonntag,NA,NA,NA
1624580081,2016-03-27,1985,1.28999996185303,1.28999996185303,0,0,0,1.27999997138977,0.00999999977648258,0,0,112,1328,1350,Sonntag,NA,NA,NA
1624580081,2016-04-03,2910,1.88999998569489,1.88999998569489,0,0,0,1.87999999523163,0.00999999977648258,0,0,157,1283,1452,Sonntag,NA,NA,NA
1624580081,2016-04-10,3910,2.53999996185303,2.53999996185303,0,0.469999998807907,0.25,1.80999994277954,0.00999999977648258,7,7,186,1240,1555,Sonntag,NA,NA,NA
1644430081,2016-04-03,12912,9.40999984741211,9.40999984741211,0,4.82999992370605,0.769999980926514,3.78999996185303,0.0299999993294477,59,16,283,1082,3436,Sonntag,NA,NA,NA
1644430081,2016-04-10,1329,0.970000028610229,0.970000028610229,0,0,0,0.970000028610229,0,0,0,35,207,489,Sonntag,NA,NA,NA
1844505072,2016-04-03,2841,1.87999999523163,1.87999999523163,0,0,0,1.87999999523163,0,0,0,136,1114,1636,Sonntag,NA,NA,NA
1844505072,2016-04-10,6556,4.34000015258789,4.34000015258789,0,0,0,4.32999992370605,0,0,0,305,810,1971,Sonntag,NA,NA,NA
1927972279,2016-04-03,3198,2.21000003814697,2.21000003814697,0,0,0,2.21000003814697,0,0,0,146,1183,2449,Sonntag,NA,NA,NA
1927972279,2016-04-10,2105,1.46000003814697,1.46000003814697,0,0,0,1.46000003814697,0,0,0,139,805,2442,Sonntag,NA,NA,NA
2022484408,2016-04-03,11144,7.82000017166138,7.82000017166138,0,1.78999996185303,0.889999985694885,5.1399998664856,0,25,22,279,1114,2395,Sonntag,NA,NA,NA
2022484408,2016-04-10,10005,7.01999998092651,7.01999998092651,0,0.0799999982118607,1.04999995231628,5.90000009536743,0,1,23,339,1077,2458,Sonntag,NA,NA,NA
2026352035,2016-04-03,2308,1.42999994754791,1.42999994754791,0,0,0,1.42999994754791,0,0,0,115,720,1330,Sonntag,NA,NA,NA
2026352035,2016-04-10,5142,3.19000005722046,3.19000005722046,0,0,0,3.19000005722046,0,0,0,230,654,1515,Sonntag,NA,NA,NA
2320127002,2016-04-03,0,0,0,0,0,0,0,0,0,0,0,1440,1324,Sonntag,NA,NA,NA
2320127002,2016-04-10,2277,1.52999997138977,1.52999997138977,0,0,0,1.52999997138977,0,0,0,103,1337,1530,Sonntag,NA,NA,NA
2347167796,2016-04-03,7485,4.94999980926514,4.94999980926514,0,0,0,4.94999980926514,0,0,0,324,491,2035,Sonntag,NA,NA,NA
2347167796,2016-04-10,10078,6.82999992370605,6.82999992370605,0,1.01999998092651,0.119999997317791,5.69000005722046,0,12,3,303,463,2164,Sonntag,NA,NA,NA
2873212765,2016-04-03,7640,5.13000011444092,5.13000011444092,0,0.189999997615814,0.800000011920929,4.15000009536743,0,3,15,315,1107,1845,Sonntag,NA,NA,NA
2873212765,2016-04-10,5290,3.54999995231628,3.54999995231628,0,0.0399999991059303,0.340000003576279,3.17000007629395,0,1,8,251,1180,1724,Sonntag,NA,NA,NA
2891001357,2016-04-03,0,0,0,0,0,0,0,0,0,0,0,1440,1920,Sonntag,NA,NA,NA
3372868164,2016-04-03,4706,3.21000003814697,3.21000003814697,0,0,0,3.21000003814697,0,0,0,299,1141,1816,Sonntag,NA,NA,NA
3372868164,2016-04-10,4662,3.1800000667572,3.1800000667572,0,1.03999996185303,0.150000005960464,1.99000000953674,0,22,4,152,735,1276,Sonntag,NA,NA,NA
3977333714,2016-04-03,11508,7.69999980926514,7.69999980926514,0,2.17000007629395,0.839999973773956,4.69000005722046,0,29,22,282,748,1630,Sonntag,NA,NA,NA
3977333714,2016-04-10,3573,2.39000010490417,2.39000010490417,0,0.939999997615814,0.409999996423721,0.970000028610229,0,15,8,99,866,1232,Sonntag,NA,NA,NA
4020332650,2016-03-13,3226,2.30999994277954,2.30999994277954,0,0,0,2.27999997138977,0,0,0,136,771,2480,Sonntag,NA,NA,NA
4020332650,2016-03-20,10330,7.40999984741211,7.40999984741211,0,0,0,0,0,0,0,0,1440,3728,Sonntag,NA,NA,NA
4020332650,2016-03-27,7144,5.11999988555908,5.11999988555908,0,0,0,0,0,0,0,0,1440,3510,Sonntag,NA,NA,NA
4020332650,2016-04-03,6107,4.38000011444092,4.38000011444092,0,0,0,4.3600001335144,0,0,0,265,776,3313,Sonntag,NA,NA,NA
4020332650,2016-04-10,5129,3.6800000667572,3.6800000667572,0,0.180000007152557,0.239999994635582,3.21000003814697,0.00999999977648258,5,7,176,1178,2817,Sonntag,NA,NA,NA
4057192912,2016-03-13,0,0,0,0,0,0,0,0,0,0,0,1440,1777,Sonntag,NA,NA,NA
4057192912,2016-03-20,44,0.0299999993294477,0.0299999993294477,0,0,0,0.0299999993294477,0,0,0,2,1438,1782,Sonntag,NA,NA,NA
4057192912,2016-03-27,2275,1.67999994754791,1.67999994754791,0,0,0,1.6599999666214,0,0,0,86,1354,2005,Sonntag,NA,NA,NA
4057192912,2016-04-03,0,0,0,0,0,0,0,0,0,0,0,1440,1776,Sonntag,NA,NA,NA
4057192912,2016-04-10,3434,2.50999999046326,2.50999999046326,0,0.0700000002980232,0.300000011920929,2.14000010490417,0,1,7,108,1324,2101,Sonntag,NA,NA,NA
4319703577,2016-04-03,8223,5.51999998092651,5.51999998092651,0,0.800000011920929,1.50999999046326,3.21000003814697,0,12,37,257,551,2178,Sonntag,NA,NA,NA
4388161847,2016-04-03,0,0,0,0,0,0,0,0,0,0,0,1440,1878,Sonntag,NA,NA,NA
4445114986,2016-04-03,3146,2.10999989509583,2.10999989509583,0,0,0,2.10999989509583,0,0,0,171,1269,2058,Sonntag,NA,NA,NA
4445114986,2016-04-10,6625,4.44999980926514,4.44999980926514,0,0,0,4.44999980926514,0,0,0,316,755,2424,Sonntag,NA,NA,NA
4558609924,2016-04-03,6176,4.07999992370605,4.07999992370605,0,0.0700000002980232,0.259999990463257,3.75,0,1,7,269,886,1901,Sonntag,NA,NA,NA
4558609924,2016-04-10,6263,4.1399998664856,4.1399998664856,0,0,0,4.13000011444092,0,0,0,290,1150,1906,Sonntag,NA,NA,NA
4702921684,2016-04-03,12116,9.82999992370605,9.82999992370605,0,0.25,2.84999990463257,6.71999979019165,0,3,57,323,471,3357,Sonntag,NA,NA,NA
4702921684,2016-04-10,11135,9.02999973297119,9.02999973297119,0,0.0799999982118607,1.1599999666214,7.78999996185303,0,1,25,331,528,3224,Sonntag,NA,NA,NA
5553957443,2016-04-03,1515,0.990000009536743,0.990000009536743,0,0,0,0.990000009536743,0,0,0,93,507,1481,Sonntag,NA,NA,NA
5553957443,2016-04-10,5594,3.65000009536743,3.65000009536743,0,0.280000001192093,1.48000001907349,1.88999998569489,0,4,25,150,552,1712,Sonntag,NA,NA,NA
5577150313,2016-04-03,9917,7.40999984741211,7.40999984741211,0,1.99000000953674,0.970000028610229,4.44000005722046,0,58,27,240,700,3427,Sonntag,NA,NA,NA
5577150313,2016-04-10,9776,7.38000011444092,7.38000011444092,0,2.9300000667572,1.42999994754791,3.01999998092651,0,80,35,162,721,3378,Sonntag,NA,NA,NA
6117666160,2016-04-03,0,0,0,0,0,0,0,0,0,0,0,1440,1496,Sonntag,NA,NA,NA
6117666160,2016-04-10,0,0,0,0,0,0,0,0,0,0,0,1440,0,Sonntag,NA,NA,NA
6290855005,2016-04-03,0,0,0,0,0,0,0,0,33,0,0,1407,2664,Sonntag,NA,NA,NA
6290855005,2016-04-10,0,0,0,0,0,0,0,0,20,0,0,494,735,Sonntag,NA,NA,NA
6391747486,2016-04-03,0,0,0,0,0,0,0,0,0,0,0,1440,1820,Sonntag,NA,NA,NA
6775888955,2016-04-03,1577,1.12999999523163,1.12999999523163,0,0.0700000002980232,0.889999985694885,0.170000001788139,0,1,17,8,1414,1977,Sonntag,NA,NA,NA
6962181067,2016-04-03,12307,8.14000034332275,8.14000034332275,0,1.00999999046326,3.25999999046326,3.86999988555908,0,14,51,218,589,2055,Sonntag,NA,NA,NA
6962181067,2016-04-10,10148,6.71000003814697,6.71000003814697,0,1.36000001430511,0.219999998807907,5.13000011444092,0,19,7,306,679,2100,Sonntag,NA,NA,NA
7007744171,2016-04-03,16806,11.2399997711182,11.2399997711182,0,6.40999984741211,1.37000000476837,3.47000002861023,0,104,31,230,1002,3086,Sonntag,NA,NA,NA
7007744171,2016-04-10,10146,6.78999996185303,6.78999996185303,0,0.0700000002980232,0.610000014305115,6.1100001335144,0,1,12,397,1030,2700,Sonntag,NA,NA,NA
7086361926,2016-04-03,1949,1.30999994277954,1.30999994277954,0,0.230000004172325,0.349999994039536,0.730000019073486,0,3,6,27,1404,1794,Sonntag,NA,NA,NA
7086361926,2016-04-10,569,0.349999994039536,0.349999994039536,0,0,0,0.340000003576279,0,0,0,27,1368,1799,Sonntag,NA,NA,NA
8053475328,2016-04-03,25701,20.1399993896484,20.1399993896484,0,16.8199996948242,1.62999999523163,1.69000005722046,0,165,36,97,1142,3697,Sonntag,NA,NA,NA
8053475328,2016-04-10,10118,7.73000001907349,7.73000001907349,0,3.04999995231628,0.800000011920929,3.88000011444092,0,30,18,207,1185,2684,Sonntag,NA,NA,NA
8253242879,2016-04-03,0,0,0,0,0,0,0,0,0,0,0,1440,1429,Sonntag,NA,NA,NA
8253242879,2016-04-10,2545,1.67999994754791,1.67999994754791,0,0,0,1.66999995708466,0.0199999995529652,0,0,126,1314,1657,Sonntag,NA,NA,NA
8378563200,2016-04-03,9152,7.26000022888184,7.26000022888184,0,1.99000000953674,0.819999992847443,4.44999980926514,0,25,13,243,600,3304,Sonntag,NA,NA,NA
8378563200,2016-04-10,2631,2.08999991416931,2.08999991416931,0,0,0,2.08999991416931,0,0,0,117,727,2624,Sonntag,NA,NA,NA
8583815059,2016-04-03,2380,1.86000001430511,1.86000001430511,0,0,0,1.86000001430511,0,0,0,131,1309,2400,Sonntag,NA,NA,NA
8792009665,2016-04-03,7238,4.63000011444092,4.63000011444092,0,0.109999999403954,0.230000004172325,4.28999996185303,0,2,6,279,636,2667,Sonntag,NA,NA,NA
8792009665,2016-04-10,4605,2.95000004768372,2.95000004768372,0,0,0,2.95000004768372,0,0,0,179,1261,2253,Sonntag,NA,NA,NA
8877689391,2016-04-03,15260,8.1899995803833,8.1899995803833,0,1.79999995231628,0.75,5.57000017166138,0,106,17,259,1058,3864,Sonntag,NA,NA,NA
8877689391,2016-04-10,28497,27.5300006866455,27.5300006866455,0,21.9200000762939,1.12000000476837,4.46000003814697,0,128,46,211,1055,4526,Sonntag,NA,NA,NA
1503960366,2016-04-17,NA,NA,NA,NA,NA,NA,NA,NA,NA,NA,NA,NA,NA,Sonntag,1,700,712
1503960366,2016-04-24,NA,NA,NA,NA,NA,NA,NA,NA,NA,NA,NA,NA,NA,Sonntag,1,430,449
1503960366,2016-05-01,NA,NA,NA,NA,NA,NA,NA,NA,NA,NA,NA,NA,NA,Sonntag,1,369,396
1503960366,2016-05-08,NA,NA,NA,NA,NA,NA,NA,NA,NA,NA,NA,NA,NA,Sonntag,1,594,611
1644430081,2016-05-08,NA,NA,NA,NA,NA,NA,NA,NA,NA,NA,NA,NA,NA,Sonntag,1,137,154
1844505072,2016-05-01,NA,NA,NA,NA,NA,NA,NA,NA,NA,NA,NA,NA,NA,Sonntag,1,590,961
2026352035,2016-04-17,NA,NA,NA,NA,NA,NA,NA,NA,NA,NA,NA,NA,NA,Sonntag,1,437,498
2026352035,2016-04-24,NA,NA,NA,NA,NA,NA,NA,NA,NA,NA,NA,NA,NA,Sonntag,1,555,591
2026352035,2016-05-01,NA,NA,NA,NA,NA,NA,NA,NA,NA,NA,NA,NA,NA,Sonntag,1,527,546
2026352035,2016-05-08,NA,NA,NA,NA,NA,NA,NA,NA,NA,NA,NA,NA,NA,Sonntag,1,541,568
2347167796,2016-04-17,NA,NA,NA,NA,NA,NA,NA,NA,NA,NA,NA,NA,NA,Sonntag,1,556,602
2347167796,2016-04-24,NA,NA,NA,NA,NA,NA,NA,NA,NA,NA,NA,NA,NA,Sonntag,1,442,459
3977333714,2016-04-17,NA,NA,NA,NA,NA,NA,NA,NA,NA,NA,NA,NA,NA,Sonntag,1,381,566
3977333714,2016-04-24,NA,NA,NA,NA,NA,NA,NA,NA,NA,NA,NA,NA,NA,Sonntag,1,310,526
3977333714,2016-05-01,NA,NA,NA,NA,NA,NA,NA,NA,NA,NA,NA,NA,NA,Sonntag,1,383,626
3977333714,2016-05-08,NA,NA,NA,NA,NA,NA,NA,NA,NA,NA,NA,NA,NA,Sonntag,2,259,456
4020332650,2016-05-08,NA,NA,NA,NA,NA,NA,NA,NA,NA,NA,NA,NA,NA,Sonntag,1,364,402
4319703577,2016-04-24,NA,NA,NA,NA,NA,NA,NA,NA,NA,NA,NA,NA,NA,Sonntag,1,467,501
4319703577,2016-05-01,NA,NA,NA,NA,NA,NA,NA,NA,NA,NA,NA,NA,NA,Sonntag,1,484,500
4319703577,2016-05-08,NA,NA,NA,NA,NA,NA,NA,NA,NA,NA,NA,NA,NA,Sonntag,1,602,638
4388161847,2016-04-17,NA,NA,NA,NA,NA,NA,NA,NA,NA,NA,NA,NA,NA,Sonntag,2,619,641
4388161847,2016-04-24,NA,NA,NA,NA,NA,NA,NA,NA,NA,NA,NA,NA,NA,Sonntag,3,552,595
4388161847,2016-05-01,NA,NA,NA,NA,NA,NA,NA,NA,NA,NA,NA,NA,NA,Sonntag,1,547,597
4388161847,2016-05-08,NA,NA,NA,NA,NA,NA,NA,NA,NA,NA,NA,NA,NA,Sonntag,2,529,541
4445114986,2016-04-17,NA,NA,NA,NA,NA,NA,NA,NA,NA,NA,NA,NA,NA,Sonntag,1,98,107
4445114986,2016-05-01,NA,NA,NA,NA,NA,NA,NA,NA,NA,NA,NA,NA,NA,Sonntag,2,439,459
4445114986,2016-05-08,NA,NA,NA,NA,NA,NA,NA,NA,NA,NA,NA,NA,NA,Sonntag,1,361,391
4558609924,2016-05-01,NA,NA,NA,NA,NA,NA,NA,NA,NA,NA,NA,NA,NA,Sonntag,1,115,129
4558609924,2016-05-08,NA,NA,NA,NA,NA,NA,NA,NA,NA,NA,NA,NA,NA,Sonntag,1,123,134
4702921684,2016-04-17,NA,NA,NA,NA,NA,NA,NA,NA,NA,NA,NA,NA,NA,Sonntag,1,591,612
4702921684,2016-04-24,NA,NA,NA,NA,NA,NA,NA,NA,NA,NA,NA,NA,NA,Sonntag,1,480,506
5553957443,2016-04-17,NA,NA,NA,NA,NA,NA,NA,NA,NA,NA,NA,NA,NA,Sonntag,1,350,402
5553957443,2016-04-24,NA,NA,NA,NA,NA,NA,NA,NA,NA,NA,NA,NA,NA,Sonntag,2,553,640
5553957443,2016-05-01,NA,NA,NA,NA,NA,NA,NA,NA,NA,NA,NA,NA,NA,Sonntag,2,622,686
5553957443,2016-05-08,NA,NA,NA,NA,NA,NA,NA,NA,NA,NA,NA,NA,NA,Sonntag,1,568,608
5577150313,2016-04-17,NA,NA,NA,NA,NA,NA,NA,NA,NA,NA,NA,NA,NA,Sonntag,1,549,583
5577150313,2016-04-24,NA,NA,NA,NA,NA,NA,NA,NA,NA,NA,NA,NA,NA,Sonntag,1,543,615
5577150313,2016-05-01,NA,NA,NA,NA,NA,NA,NA,NA,NA,NA,NA,NA,NA,Sonntag,1,379,398
6117666160,2016-04-17,NA,NA,NA,NA,NA,NA,NA,NA,NA,NA,NA,NA,NA,Sonntag,2,336,350
6117666160,2016-04-24,NA,NA,NA,NA,NA,NA,NA,NA,NA,NA,NA,NA,NA,Sonntag,1,353,367
6117666160,2016-05-01,NA,NA,NA,NA,NA,NA,NA,NA,NA,NA,NA,NA,NA,Sonntag,1,507,575
6117666160,2016-05-08,NA,NA,NA,NA,NA,NA,NA,NA,NA,NA,NA,NA,NA,Sonntag,1,555,603
6962181067,2016-04-17,NA,NA,NA,NA,NA,NA,NA,NA,NA,NA,NA,NA,NA,Sonntag,1,427,446
6962181067,2016-04-24,NA,NA,NA,NA,NA,NA,NA,NA,NA,NA,NA,NA,NA,Sonntag,1,511,514
6962181067,2016-05-01,NA,NA,NA,NA,NA,NA,NA,NA,NA,NA,NA,NA,NA,Sonntag,1,411,426
6962181067,2016-05-08,NA,NA,NA,NA,NA,NA,NA,NA,NA,NA,NA,NA,NA,Sonntag,1,541,569
7007744171,2016-05-01,NA,NA,NA,NA,NA,NA,NA,NA,NA,NA,NA,NA,NA,Sonntag,1,58,61
7086361926,2016-04-24,NA,NA,NA,NA,NA,NA,NA,NA,NA,NA,NA,NA,NA,Sonntag,1,681,704
7086361926,2016-05-01,NA,NA,NA,NA,NA,NA,NA,NA,NA,NA,NA,NA,NA,Sonntag,1,388,407
7086361926,2016-05-08,NA,NA,NA,NA,NA,NA,NA,NA,NA,NA,NA,NA,NA,Sonntag,1,481,510
8378563200,2016-04-17,NA,NA,NA,NA,NA,NA,NA,NA,NA,NA,NA,NA,NA,Sonntag,2,525,591
8378563200,2016-04-24,NA,NA,NA,NA,NA,NA,NA,NA,NA,NA,NA,NA,NA,Sonntag,1,458,492
8378563200,2016-05-01,NA,NA,NA,NA,NA,NA,NA,NA,NA,NA,NA,NA,NA,Sonntag,1,475,539
8378563200,2016-05-08,NA,NA,NA,NA,NA,NA,NA,NA,NA,NA,NA,NA,NA,Sonntag,1,545,606
8792009665,2016-05-01,NA,NA,NA,NA,NA,NA,NA,NA,NA,NA,NA,NA,NA,Sonntag,1,503,527
